Res, Index, Disorder, ppLDDT
M, 1, 0.383, 45.841
T, 2, 0.353, 54.975
D, 3, 0.345, 66.046
V, 4, 0.354, 71.819
T, 5, 0.354, 71.839
I, 6, 0.348, 77.588
K, 7, 0.343, 73.540
T, 8, 0.325, 72.596
L, 9, 0.304, 74.587
A, 10, 0.283, 63.004
A, 11, 0.260, 59.940
E, 12, 0.227, 61.461
R, 13, 0.209, 66.464
Q, 14, 0.196, 64.290
T, 15, 0.183, 65.091
S, 16, 0.178, 65.984
V, 17, 0.182, 72.802
E, 18, 0.186, 71.816
R, 19, 0.200, 75.979
L, 20, 0.205, 75.303
V, 21, 0.219, 71.686
Q, 22, 0.229, 70.994
Q, 23, 0.239, 71.584
F, 24, 0.247, 73.579
A, 25, 0.255, 69.481
D, 26, 0.259, 67.838
A, 27, 0.269, 70.628
G, 28, 0.276, 68.496
I, 29, 0.283, 70.490
R, 30, 0.297, 70.176
K, 31, 0.301, 69.637
S, 32, 0.311, 65.692
A, 33, 0.320, 65.213
D, 34, 0.329, 61.368
D, 35, 0.345, 60.171
S, 36, 0.369, 58.152
V, 37, 0.389, 61.998
S, 38, 0.417, 55.871
A, 39, 0.431, 60.603
Q, 40, 0.445, 60.269
E, 41, 0.461, 61.399
K, 42, 0.473, 63.412
Q, 43, 0.486, 63.617
T, 44, 0.497, 63.415
L, 45, 0.505, 66.543
I, 46, 0.511, 62.619
D, 47, 0.518, 61.760
H, 48, 0.534, 63.614
L, 49, 0.543, 64.527
N, 50, 0.559, 61.905
Q, 51, 0.576, 61.317
K, 52, 0.588, 59.445
N, 53, 0.594, 56.946
S, 54, 0.597, 51.612
G, 55, 0.607, 51.037
P, 56, 0.627, 52.918
D, 57, 0.650, 55.303
K, 58, 0.671, 57.273
L, 59, 0.694, 58.129
T, 60, 0.709, 54.400
L, 61, 0.720, 56.683
Q, 62, 0.729, 54.129
R, 63, 0.738, 56.578
K, 64, 0.745, 55.910
T, 65, 0.750, 53.479
R, 66, 0.753, 54.641
S, 67, 0.758, 51.033
T, 68, 0.766, 51.093
L, 69, 0.774, 53.098
N, 70, 0.782, 52.646
I, 71, 0.793, 54.378
P, 72, 0.797, 51.741
G, 73, 0.798, 47.413
T, 74, 0.807, 45.724
G, 75, 0.799, 47.160
G, 76, 0.802, 49.246
K, 77, 0.798, 53.356
S, 78, 0.794, 55.968
K, 79, 0.796, 60.010
S, 80, 0.791, 61.392
V, 81, 0.797, 62.949
Q, 82, 0.802, 66.281
I, 83, 0.795, 70.185
E, 84, 0.784, 69.254
V, 85, 0.779, 70.933
R, 86, 0.769, 70.209
K, 87, 0.763, 69.636
K, 88, 0.754, 68.735
R, 89, 0.736, 68.341
T, 90, 0.720, 64.784
F, 91, 0.702, 68.697
V, 92, 0.707, 63.202
K, 93, 0.704, 64.250
R, 94, 0.710, 63.816
D, 95, 0.714, 61.440
P, 96, 0.722, 59.290
Q, 97, 0.734, 53.623
E, 98, 0.745, 51.389
A, 99, 0.750, 53.369
E, 100, 0.761, 55.389
R, 101, 0.764, 61.427
L, 102, 0.771, 62.234
A, 103, 0.779, 63.136
A, 104, 0.793, 63.177
E, 105, 0.791, 60.999
E, 106, 0.790, 60.476
Q, 107, 0.794, 61.122
A, 108, 0.809, 60.374
Q, 109, 0.811, 62.105
R, 110, 0.820, 62.939
E, 111, 0.815, 60.573
A, 112, 0.818, 60.261
E, 113, 0.819, 57.056
E, 114, 0.820, 56.203
Q, 115, 0.822, 57.193
A, 116, 0.831, 58.390
R, 117, 0.829, 61.889
R, 118, 0.831, 62.990
E, 119, 0.823, 60.569
A, 120, 0.830, 59.931
E, 121, 0.828, 56.060
E, 122, 0.828, 54.813
S, 123, 0.820, 50.871
A, 124, 0.825, 50.556
K, 125, 0.821, 52.551
R, 126, 0.827, 53.993
E, 127, 0.818, 52.919
A, 128, 0.823, 53.553
Q, 129, 0.821, 55.213
Q, 130, 0.823, 57.155
K, 131, 0.821, 57.050
A, 132, 0.823, 56.430
E, 133, 0.813, 54.925
R, 134, 0.812, 57.055
E, 135, 0.805, 55.489
A, 136, 0.805, 55.668
A, 137, 0.807, 55.162
E, 138, 0.802, 55.155
Q, 139, 0.799, 57.659
A, 140, 0.802, 58.231
K, 141, 0.800, 60.026
R, 142, 0.806, 60.477
E, 143, 0.797, 57.673
A, 144, 0.801, 57.177
A, 145, 0.807, 55.946
E, 146, 0.805, 55.204
Q, 147, 0.804, 57.184
A, 148, 0.816, 57.548
K, 149, 0.819, 58.900
R, 150, 0.828, 59.149
E, 151, 0.825, 56.138
A, 152, 0.834, 55.186
A, 153, 0.842, 53.307
E, 154, 0.842, 51.995
K, 155, 0.847, 52.549
D, 156, 0.854, 50.082
K, 157, 0.863, 47.734
V, 158, 0.873, 46.278
S, 159, 0.877, 42.977
N, 160, 0.887, 42.200
Q, 161, 0.895, 42.269
Q, 162, 0.897, 41.669
D, 163, 0.902, 43.129
D, 164, 0.907, 44.112
M, 165, 0.899, 44.549
T, 166, 0.896, 43.463
K, 167, 0.892, 45.550
N, 168, 0.890, 45.448
A, 169, 0.882, 46.845
Q, 170, 0.875, 47.493
A, 171, 0.869, 48.319
E, 172, 0.851, 50.759
K, 173, 0.838, 54.262
A, 174, 0.834, 55.247
R, 175, 0.826, 58.321
R, 176, 0.823, 59.286
E, 177, 0.818, 58.299
Q, 178, 0.807, 61.658
E, 179, 0.797, 63.005
A, 180, 0.795, 64.935
A, 181, 0.793, 64.652
E, 182, 0.774, 66.606
L, 183, 0.762, 69.789
K, 184, 0.765, 66.854
R, 185, 0.770, 67.745
K, 186, 0.772, 64.309
A, 187, 0.774, 63.421
E, 188, 0.763, 60.632
E, 189, 0.747, 62.264
E, 190, 0.737, 63.816
A, 191, 0.736, 66.461
R, 192, 0.729, 69.827
R, 193, 0.731, 71.944
K, 194, 0.730, 71.408
L, 195, 0.737, 72.175
E, 196, 0.729, 65.964
E, 197, 0.715, 66.304
E, 198, 0.708, 66.157
A, 199, 0.718, 68.821
R, 200, 0.722, 71.081
R, 201, 0.726, 71.780
V, 202, 0.730, 69.870
A, 203, 0.736, 68.878
E, 204, 0.734, 66.728
E, 205, 0.738, 66.245
A, 206, 0.755, 68.535
R, 207, 0.771, 70.367
R, 208, 0.781, 70.362
M, 209, 0.799, 69.451
A, 210, 0.816, 68.720
E, 211, 0.827, 64.880
E, 212, 0.839, 62.208
N, 213, 0.848, 59.648
K, 214, 0.859, 56.535
W, 215, 0.880, 59.096
T, 216, 0.889, 54.916
D, 217, 0.904, 53.780
N, 218, 0.926, 48.701
A, 219, 0.943, 44.885
E, 220, 0.948, 42.799
P, 221, 0.959, 42.924
T, 222, 0.966, 37.037
E, 223, 0.970, 36.066
D, 224, 0.970, 38.658
S, 225, 0.971, 38.995
S, 226, 0.968, 39.534
D, 227, 0.970, 42.925
Y, 228, 0.983, 40.099
H, 229, 0.974, 41.776
V, 230, 0.969, 39.861
T, 231, 0.977, 38.911
T, 232, 0.975, 39.029
S, 233, 0.979, 40.013
Q, 234, 0.983, 40.617
H, 235, 0.986, 40.470
A, 236, 0.977, 40.304
R, 237, 0.978, 39.743
Q, 238, 0.972, 40.783
A, 239, 0.977, 38.904
E, 240, 0.974, 38.448
D, 241, 0.966, 39.081
E, 242, 0.971, 38.434
S, 243, 0.961, 37.964
D, 244, 0.966, 41.660
R, 245, 0.967, 40.303
E, 246, 0.965, 41.124
V, 247, 0.961, 40.415
E, 248, 0.975, 39.287
G, 249, 0.968, 38.154
G, 250, 0.975, 38.716
R, 251, 0.975, 38.981
G, 252, 0.973, 40.827
R, 253, 0.975, 40.732
G, 254, 0.970, 41.955
R, 255, 0.974, 42.827
N, 256, 0.964, 44.079
A, 257, 0.965, 45.875
K, 258, 0.968, 46.753
A, 259, 0.964, 45.767
A, 260, 0.968, 45.297
R, 261, 0.962, 46.215
A, 262, 0.959, 44.203
K, 263, 0.964, 45.640
K, 264, 0.961, 45.420
G, 265, 0.953, 42.495
N, 266, 0.954, 42.381
K, 267, 0.965, 45.854
H, 268, 0.960, 46.464
A, 269, 0.950, 45.325
E, 270, 0.951, 47.106
S, 271, 0.948, 50.542
K, 272, 0.952, 54.109
A, 273, 0.949, 54.383
D, 274, 0.953, 59.283
R, 275, 0.946, 59.783
E, 276, 0.938, 61.972
E, 277, 0.935, 63.115
A, 278, 0.931, 63.905
R, 279, 0.939, 67.430
A, 280, 0.931, 67.021
A, 281, 0.937, 65.935
V, 282, 0.942, 67.223
R, 283, 0.942, 64.912
G, 284, 0.933, 56.708
G, 285, 0.935, 51.921
K, 286, 0.938, 55.896
G, 287, 0.931, 53.665
G, 288, 0.933, 53.271
K, 289, 0.933, 58.944
R, 290, 0.922, 62.252
K, 291, 0.914, 63.581
G, 292, 0.903, 60.806
S, 293, 0.896, 61.905
S, 294, 0.887, 64.474
L, 295, 0.875, 66.251
Q, 296, 0.855, 69.744
Q, 297, 0.825, 69.457
G, 298, 0.798, 65.141
F, 299, 0.780, 67.040
Q, 300, 0.749, 69.345
K, 301, 0.719, 73.054
P, 302, 0.675, 69.971
A, 303, 0.636, 69.177
Q, 304, 0.599, 71.662
A, 305, 0.563, 72.818
V, 306, 0.517, 74.387
N, 307, 0.484, 74.178
R, 308, 0.447, 77.948
D, 309, 0.418, 79.024
V, 310, 0.384, 78.578
V, 311, 0.353, 81.126
I, 312, 0.326, 86.454
G, 313, 0.294, 83.952
E, 314, 0.266, 85.883
T, 315, 0.244, 85.529
I, 316, 0.218, 89.658
T, 317, 0.194, 90.331
V, 318, 0.171, 91.105
G, 319, 0.152, 89.984
E, 320, 0.138, 91.648
L, 321, 0.125, 92.519
A, 322, 0.115, 91.709
N, 323, 0.108, 92.367
K, 324, 0.101, 92.578
M, 325, 0.095, 91.907
A, 326, 0.092, 92.393
V, 327, 0.088, 91.543
K, 328, 0.081, 91.965
G, 329, 0.078, 90.609
S, 330, 0.078, 93.746
Q, 331, 0.075, 93.099
V, 332, 0.078, 94.381
I, 333, 0.075, 95.865
K, 334, 0.072, 96.427
A, 335, 0.074, 97.677
M, 336, 0.075, 95.394
M, 337, 0.067, 93.874
K, 338, 0.064, 94.716
L, 339, 0.067, 94.280
G, 340, 0.061, 92.964
A, 341, 0.059, 94.346
M, 342, 0.060, 94.076
A, 343, 0.058, 95.082
T, 344, 0.060, 95.148
I, 345, 0.066, 95.226
N, 346, 0.065, 94.455
Q, 347, 0.063, 93.535
V, 348, 0.066, 93.768
I, 349, 0.065, 93.766
D, 350, 0.068, 92.156
Q, 351, 0.069, 91.361
E, 352, 0.068, 91.372
T, 353, 0.070, 90.960
A, 354, 0.072, 92.770
Q, 355, 0.078, 92.962
L, 356, 0.085, 94.220
V, 357, 0.089, 94.343
A, 358, 0.095, 95.516
E, 359, 0.103, 94.257
E, 360, 0.106, 93.603
M, 361, 0.112, 92.272
G, 362, 0.120, 89.650
H, 363, 0.133, 91.162
K, 364, 0.149, 93.038
V, 365, 0.164, 93.237
I, 366, 0.187, 93.845
L, 367, 0.206, 93.301
R, 368, 0.229, 91.967
R, 369, 0.254, 89.683
E, 370, 0.275, 87.550
N, 371, 0.298, 85.916
E, 372, 0.318, 86.367
L, 373, 0.331, 87.104
E, 374, 0.356, 83.513
E, 375, 0.384, 84.538
A, 376, 0.404, 85.783
V, 377, 0.416, 85.239
M, 378, 0.423, 83.319
S, 379, 0.431, 80.923
D, 380, 0.436, 80.755
R, 381, 0.430, 80.680
D, 382, 0.419, 78.605
T, 383, 0.410, 78.041
G, 384, 0.402, 74.739
A, 385, 0.390, 75.693
A, 386, 0.378, 78.029
A, 387, 0.370, 79.678
E, 388, 0.376, 80.880
P, 389, 0.373, 78.055
R, 390, 0.362, 78.471
A, 391, 0.357, 81.672
P, 392, 0.341, 78.371
V, 393, 0.318, 77.780
V, 394, 0.292, 81.636
T, 395, 0.265, 83.247
I, 396, 0.241, 88.847
M, 397, 0.213, 86.789
G, 398, 0.192, 84.592
H, 399, 0.174, 85.128
V, 400, 0.152, 86.184
D, 401, 0.139, 84.279
H, 402, 0.130, 82.327
G, 403, 0.124, 78.739
K, 404, 0.125, 82.145
T, 405, 0.127, 82.283
S, 406, 0.131, 80.426
L, 407, 0.135, 85.416
L, 408, 0.143, 90.858
D, 409, 0.148, 91.178
Y, 410, 0.154, 90.807
I, 411, 0.154, 89.546
R, 412, 0.159, 88.481
S, 413, 0.162, 88.977
T, 414, 0.166, 88.247
K, 415, 0.166, 86.874
V, 416, 0.168, 87.497
A, 417, 0.171, 86.872
S, 418, 0.171, 85.771
G, 419, 0.173, 83.493
E, 420, 0.167, 83.856
A, 421, 0.162, 85.192
G, 422, 0.164, 81.053
G, 423, 0.164, 78.802
I, 424, 0.159, 86.425
T, 425, 0.158, 88.685
Q, 426, 0.154, 90.419
H, 427, 0.153, 88.741
I, 428, 0.145, 90.312
G, 429, 0.141, 89.049
A, 430, 0.130, 91.952
Y, 431, 0.117, 91.565
H, 432, 0.106, 91.462
V, 433, 0.098, 91.667
E, 434, 0.092, 90.632
T, 435, 0.089, 90.343
E, 436, 0.088, 89.647
N, 437, 0.087, 87.898
G, 438, 0.089, 85.352
M, 439, 0.086, 86.381
I, 440, 0.086, 90.028
T, 441, 0.090, 92.194
F, 442, 0.093, 92.292
L, 443, 0.090, 90.184
D, 444, 0.092, 89.400
T, 445, 0.096, 90.332
P, 446, 0.092, 89.044
G, 447, 0.089, 87.978
H, 448, 0.092, 89.923
A, 449, 0.092, 91.693
A, 450, 0.091, 91.629
F, 451, 0.094, 91.169
T, 452, 0.092, 91.135
S, 453, 0.089, 93.310
M, 454, 0.087, 91.782
R, 455, 0.085, 90.835
A, 456, 0.081, 91.507
R, 457, 0.078, 90.641
G, 458, 0.076, 88.875
A, 459, 0.073, 91.605
Q, 460, 0.065, 91.843
A, 461, 0.068, 93.703
T, 462, 0.065, 94.069
D, 463, 0.063, 93.962
I, 464, 0.060, 95.509
V, 465, 0.059, 96.805
V, 466, 0.058, 96.937
L, 467, 0.055, 96.140
V, 468, 0.050, 95.106
V, 469, 0.045, 94.156
A, 470, 0.041, 92.145
A, 471, 0.039, 90.874
D, 472, 0.039, 89.650
D, 473, 0.038, 89.394
G, 474, 0.039, 90.667
V, 475, 0.041, 91.761
M, 476, 0.039, 91.759
P, 477, 0.041, 91.824
Q, 478, 0.041, 91.517
T, 479, 0.044, 91.858
I, 480, 0.050, 93.295
E, 481, 0.053, 92.143
A, 482, 0.051, 93.263
I, 483, 0.054, 93.294
Q, 484, 0.054, 92.103
H, 485, 0.056, 91.152
A, 486, 0.058, 91.909
K, 487, 0.060, 90.876
A, 488, 0.065, 91.379
A, 489, 0.069, 91.463
Q, 490, 0.077, 91.295
V, 491, 0.087, 92.578
P, 492, 0.091, 92.620
V, 493, 0.102, 92.392
V, 494, 0.115, 91.987
V, 495, 0.123, 91.061
A, 496, 0.128, 89.523
V, 497, 0.131, 88.642
N, 498, 0.134, 85.935
K, 499, 0.134, 85.258
I, 500, 0.136, 83.360
D, 501, 0.136, 79.372
K, 502, 0.137, 80.583
P, 503, 0.137, 80.472
E, 504, 0.137, 80.454
A, 505, 0.142, 81.557
D, 506, 0.147, 81.889
P, 507, 0.150, 84.276
D, 508, 0.151, 84.729
R, 509, 0.154, 86.616
V, 510, 0.151, 87.304
K, 511, 0.157, 85.788
N, 512, 0.152, 85.611
E, 513, 0.153, 87.399
L, 514, 0.143, 89.713
S, 515, 0.142, 89.130
Q, 516, 0.128, 89.373
Y, 517, 0.124, 89.273
G, 518, 0.116, 88.099
I, 519, 0.108, 89.765
L, 520, 0.104, 89.131
P, 521, 0.100, 87.811
E, 522, 0.094, 89.174
E, 523, 0.087, 88.521
W, 524, 0.082, 89.038
G, 525, 0.081, 84.892
G, 526, 0.082, 86.559
E, 527, 0.084, 88.749
S, 528, 0.088, 90.912
Q, 529, 0.094, 90.707
F, 530, 0.093, 92.664
V, 531, 0.090, 91.416
H, 532, 0.090, 91.712
V, 533, 0.087, 91.767
S, 534, 0.086, 92.084
A, 535, 0.081, 91.860
K, 536, 0.077, 91.257
A, 537, 0.068, 91.348
G, 538, 0.062, 90.064
T, 539, 0.057, 92.126
G, 540, 0.054, 92.441
I, 541, 0.050, 93.469
D, 542, 0.048, 94.632
E, 543, 0.046, 95.206
L, 544, 0.046, 94.600
L, 545, 0.043, 95.495
D, 546, 0.041, 97.205
A, 547, 0.039, 97.566
I, 548, 0.038, 97.901
L, 549, 0.036, 98.351
L, 550, 0.035, 98.878
Q, 551, 0.033, 97.956
A, 552, 0.035, 98.086
E, 553, 0.036, 97.327
V, 554, 0.039, 97.377
L, 555, 0.037, 97.659
E, 556, 0.041, 96.549
L, 557, 0.045, 96.226
K, 558, 0.046, 94.253
A, 559, 0.049, 94.624
V, 560, 0.056, 94.296
R, 561, 0.058, 92.764
K, 562, 0.057, 91.494
G, 563, 0.061, 90.490
M, 564, 0.064, 91.466
A, 565, 0.066, 91.477
S, 566, 0.070, 91.670
G, 567, 0.071, 90.701
A, 568, 0.077, 91.873
V, 569, 0.083, 93.425
I, 570, 0.084, 93.989
E, 571, 0.085, 92.818
S, 572, 0.084, 93.624
F, 573, 0.083, 93.505
L, 574, 0.075, 92.253
D, 575, 0.071, 89.440
K, 576, 0.067, 88.212
G, 577, 0.065, 87.812
R, 578, 0.064, 88.506
G, 579, 0.062, 89.657
P, 580, 0.058, 92.308
V, 581, 0.056, 92.230
A, 582, 0.057, 92.924
T, 583, 0.056, 94.428
V, 584, 0.054, 95.180
L, 585, 0.053, 94.857
V, 586, 0.052, 94.263
R, 587, 0.051, 93.732
E, 588, 0.049, 92.855
G, 589, 0.047, 91.810
T, 590, 0.043, 92.735
L, 591, 0.037, 93.150
H, 592, 0.037, 92.563
K, 593, 0.039, 92.738
G, 594, 0.040, 92.711
D, 595, 0.039, 93.658
I, 596, 0.035, 94.292
V, 597, 0.040, 95.150
L, 598, 0.043, 95.879
C, 599, 0.043, 95.819
G, 600, 0.039, 94.234
F, 601, 0.038, 94.820
E, 602, 0.038, 93.251
Y, 603, 0.042, 92.268
G, 604, 0.040, 90.801
R, 605, 0.043, 91.224
V, 606, 0.043, 92.111
R, 607, 0.047, 90.658
A, 608, 0.049, 90.782
M, 609, 0.052, 90.067
R, 610, 0.054, 88.857
N, 611, 0.051, 88.169
E, 612, 0.057, 88.668
L, 613, 0.057, 88.743
G, 614, 0.060, 86.393
Q, 615, 0.061, 86.739
E, 616, 0.065, 87.136
V, 617, 0.068, 88.566
L, 618, 0.072, 87.463
E, 619, 0.073, 84.873
A, 620, 0.076, 86.559
G, 621, 0.082, 85.209
P, 622, 0.083, 85.364
S, 623, 0.092, 85.701
I, 624, 0.092, 87.186
P, 625, 0.102, 88.558
V, 626, 0.117, 89.591
E, 627, 0.130, 87.850
I, 628, 0.137, 88.049
L, 629, 0.142, 84.742
G, 630, 0.141, 82.608
L, 631, 0.146, 84.655
S, 632, 0.147, 81.966
G, 633, 0.148, 82.249
V, 634, 0.145, 83.873
P, 635, 0.141, 82.940
A, 636, 0.132, 83.871
A, 637, 0.128, 82.994
G, 638, 0.131, 81.545
D, 639, 0.130, 84.333
E, 640, 0.138, 85.192
V, 641, 0.135, 87.668
T, 642, 0.140, 87.483
V, 643, 0.139, 88.931
V, 644, 0.139, 88.557
R, 645, 0.136, 87.438
D, 646, 0.131, 87.743
E, 647, 0.127, 88.353
K, 648, 0.119, 87.902
K, 649, 0.114, 87.798
A, 650, 0.109, 89.673
R, 651, 0.109, 90.627
E, 652, 0.105, 91.429
V, 653, 0.102, 92.170
A, 654, 0.102, 93.144
L, 655, 0.099, 92.320
Y, 656, 0.098, 91.940
R, 657, 0.100, 92.655
Q, 658, 0.098, 91.517
G, 659, 0.098, 89.067
K, 660, 0.106, 90.929
F, 661, 0.103, 92.011
R, 662, 0.107, 91.612
E, 663, 0.113, 91.905
V, 664, 0.115, 92.396
K, 665, 0.122, 91.650
L, 666, 0.116, 91.965
A, 667, 0.122, 91.356
R, 668, 0.130, 90.082
Q, 669, 0.130, 89.362
Q, 670, 0.145, 87.809
K, 671, 0.160, 86.923
S, 672, 0.171, 86.435
K, 673, 0.187, 86.730
L, 674, 0.181, 88.358
E, 675, 0.193, 87.319
N, 676, 0.202, 88.086
M, 677, 0.203, 88.983
F, 678, 0.197, 88.500
A, 679, 0.193, 88.841
N, 680, 0.189, 88.966
M, 681, 0.179, 89.007
T, 682, 0.176, 88.327
E, 683, 0.167, 87.483
G, 684, 0.160, 85.357
E, 685, 0.156, 86.303
V, 686, 0.148, 88.786
H, 687, 0.140, 89.191
E, 688, 0.140, 90.307
V, 689, 0.138, 90.857
N, 690, 0.137, 92.075
I, 691, 0.129, 92.007
V, 692, 0.125, 92.026
L, 693, 0.116, 91.587
K, 694, 0.112, 90.739
A, 695, 0.101, 91.079
D, 696, 0.093, 88.795
V, 697, 0.084, 89.866
Q, 698, 0.076, 86.916
G, 699, 0.075, 86.123
S, 700, 0.073, 88.103
V, 701, 0.075, 89.214
E, 702, 0.074, 87.784
A, 703, 0.074, 89.060
I, 704, 0.073, 89.387
S, 705, 0.074, 89.880
D, 706, 0.069, 89.154
S, 707, 0.069, 89.657
L, 708, 0.069, 90.045
L, 709, 0.067, 89.128
K, 710, 0.061, 90.482
L, 711, 0.058, 90.952
S, 712, 0.060, 90.294
T, 713, 0.064, 89.890
D, 714, 0.065, 88.773
E, 715, 0.078, 88.689
V, 716, 0.087, 89.650
K, 717, 0.099, 90.412
V, 718, 0.107, 91.465
K, 719, 0.111, 91.910
I, 720, 0.110, 91.746
I, 721, 0.109, 90.109
G, 722, 0.107, 87.615
S, 723, 0.108, 88.731
G, 724, 0.101, 88.205
V, 725, 0.095, 89.065
G, 726, 0.094, 87.767
G, 727, 0.095, 88.508
I, 728, 0.091, 89.148
T, 729, 0.090, 88.286
E, 730, 0.090, 88.534
T, 731, 0.093, 88.992
D, 732, 0.092, 88.827
A, 733, 0.087, 89.795
T, 734, 0.089, 91.034
L, 735, 0.081, 90.999
A, 736, 0.075, 90.818
A, 737, 0.075, 90.743
A, 738, 0.072, 90.453
S, 739, 0.066, 91.447
N, 740, 0.056, 92.766
A, 741, 0.052, 93.028
I, 742, 0.049, 93.219
L, 743, 0.049, 92.468
V, 744, 0.049, 92.046
G, 745, 0.049, 90.464
F, 746, 0.050, 90.783
N, 747, 0.051, 89.919
V, 748, 0.050, 90.261
R, 749, 0.053, 88.359
A, 750, 0.055, 88.511
D, 751, 0.057, 87.521
A, 752, 0.054, 88.263
S, 753, 0.053, 88.681
A, 754, 0.052, 89.206
R, 755, 0.055, 89.355
K, 756, 0.051, 90.672
V, 757, 0.050, 92.004
I, 758, 0.053, 92.214
E, 759, 0.055, 91.159
A, 760, 0.053, 92.146
E, 761, 0.049, 91.588
S, 762, 0.044, 92.489
L, 763, 0.041, 93.087
D, 764, 0.038, 93.368
L, 765, 0.039, 93.854
R, 766, 0.034, 95.530
Y, 767, 0.032, 96.010
Y, 768, 0.032, 95.694
S, 769, 0.033, 97.061
V, 770, 0.028, 96.354
I, 771, 0.026, 96.551
Y, 772, 0.029, 94.738
N, 773, 0.027, 94.352
L, 774, 0.029, 93.996
I, 775, 0.036, 91.512
D, 776, 0.036, 90.027
E, 777, 0.040, 89.830
V, 778, 0.041, 90.230
K, 779, 0.043, 88.531
A, 780, 0.045, 88.754
A, 781, 0.048, 88.700
M, 782, 0.048, 88.710
S, 783, 0.050, 88.306
G, 784, 0.047, 87.889
M, 785, 0.048, 89.033
L, 786, 0.050, 89.551
S, 787, 0.056, 89.986
P, 788, 0.047, 90.455
E, 789, 0.051, 90.285
L, 790, 0.051, 90.635
K, 791, 0.054, 91.546
Q, 792, 0.053, 92.029
Q, 793, 0.056, 91.608
I, 794, 0.056, 93.072
I, 795, 0.052, 92.932
G, 796, 0.053, 92.002
L, 797, 0.049, 92.973
A, 798, 0.048, 92.279
E, 799, 0.047, 91.033
V, 800, 0.045, 91.794
R, 801, 0.044, 90.172
D, 802, 0.044, 90.071
V, 803, 0.045, 90.376
F, 804, 0.045, 89.771
K, 805, 0.049, 88.067
S, 806, 0.051, 88.285
P, 807, 0.050, 89.234
K, 808, 0.055, 89.550
F, 809, 0.055, 89.840
G, 810, 0.056, 89.546
A, 811, 0.058, 90.754
I, 812, 0.058, 91.712
A, 813, 0.064, 91.510
G, 814, 0.064, 91.078
C, 815, 0.059, 92.229
M, 816, 0.055, 90.770
V, 817, 0.055, 90.681
T, 818, 0.056, 89.521
E, 819, 0.053, 88.357
G, 820, 0.054, 87.516
V, 821, 0.054, 89.042
V, 822, 0.053, 88.993
K, 823, 0.054, 87.507
R, 824, 0.053, 86.899
H, 825, 0.056, 87.182
N, 826, 0.054, 87.765
P, 827, 0.050, 90.161
I, 828, 0.047, 90.485
R, 829, 0.050, 89.526
V, 830, 0.048, 91.415
L, 831, 0.046, 91.928
R, 832, 0.047, 90.121
D, 833, 0.047, 90.394
N, 834, 0.045, 90.082
V, 835, 0.045, 91.587
V, 836, 0.049, 92.424
I, 837, 0.048, 92.206
Y, 838, 0.048, 90.152
E, 839, 0.049, 88.360
G, 840, 0.052, 87.827
E, 841, 0.059, 87.915
L, 842, 0.061, 89.250
E, 843, 0.063, 87.556
S, 844, 0.067, 87.608
L, 845, 0.069, 88.228
R, 846, 0.075, 86.616
R, 847, 0.078, 86.313
F, 848, 0.080, 86.038
K, 849, 0.087, 82.987
D, 850, 0.090, 81.864
D, 851, 0.094, 81.783
V, 852, 0.097, 83.216
N, 853, 0.099, 82.002
E, 854, 0.099, 82.651
V, 855, 0.101, 83.739
R, 856, 0.101, 82.639
N, 857, 0.103, 82.542
G, 858, 0.102, 83.123
M, 859, 0.098, 85.896
E, 860, 0.099, 85.016
C, 861, 0.093, 85.453
G, 862, 0.094, 82.433
I, 863, 0.090, 84.298
G, 864, 0.092, 82.236
V, 865, 0.087, 84.904
K, 866, 0.087, 84.096
N, 867, 0.084, 83.654
Y, 868, 0.084, 84.550
N, 869, 0.077, 83.567
D, 870, 0.072, 84.009
V, 871, 0.071, 85.033
R, 872, 0.068, 84.375
T, 873, 0.069, 85.065
G, 874, 0.065, 85.382
D, 875, 0.062, 86.499
V, 876, 0.066, 88.434
I, 877, 0.070, 89.943
E, 878, 0.076, 90.978
V, 879, 0.080, 92.694
F, 880, 0.079, 93.793
E, 881, 0.078, 93.550
I, 882, 0.077, 93.976
I, 883, 0.073, 93.954
E, 884, 0.071, 93.626
I, 885, 0.071, 93.196
Q, 886, 0.068, 92.098
R, 887, 0.070, 91.947
T, 888, 0.076, 92.402
I, 889, 0.075, 93.519
A, 890, 0.064, 94.895
