IF2-WT-1-1,IF2-WT-1-2,IF2-WT-2-1,IF2-WT-2-2,IF2-WT-3-1,IF2-DSM5456-1-1,IF2-DSM5456-1-2,IF2-DSM5456-2-1,IF2-DSM5456-2-2,IF2-DSM5456-3-1,IF2-DSM15908-1-1,IF2-DSM15908-1-2,IF2-DSM15908-2-1,IF2-DSM15908-2-2,IF2-DSM15908-3-1,IF2-H-salinum-1-1,IF2-H-salinum-1-2,IF2-H-salinum-2-1,IF2-H-salinum-2-2,IF2-H-salinum-3-1,IF2-G-aggregans-1-1,IF2-G-aggregans-1-2,IF2-G-aggregans-2-1,IF2-G-aggregans-2-2,IF2-G-aggregans-3-1,IF2-T-modestius-1-1,IF2-T-modestius-1-2,IF2-T-modestius-2-1,IF2-T-modestius-2-2,IF2-T-modestius-3-1,IF2-P-aerophilum-1-1,IF2-P-aerophilum-1-2,IF2-P-aerophilum-2-1,IF2-P-aerophilum-2-2,IF2-P-aerophilum-3-1,IF2-S-osmophilus-1-1,IF2-S-osmophilus-1-2,IF2-S-osmophilus-2-1,IF2-S-osmophilus-2-2,IF2-S-osmophilus-3-1,time
0.23,0.223,0.212,0.202,0.196,0.21,0.209,0.214,0.206,0.215,0.206,0.225,0.176,0.212,0.202,0.189,0.177,0.188,0.195,0.194,0.2,0.206,0.185,0.187,0.197,0.191,0.2,0.188,0.205,0.225,0.204,0.19,0.215,0.197,0.202,0.227,0.219,0.266,0.207,0.219,0
0.198,0.225,0.205,0.193,0.189,0.199,0.2,0.197,0.196,0.216,0.198,0.206,0.171,0.207,0.192,0.184,0.171,0.181,0.186,0.189,0.194,0.197,0.179,0.181,0.193,0.183,0.19,0.181,0.193,0.217,0.192,0.182,0.205,0.184,0.186,0.212,0.204,0.225,0.194,0.205,20
0.195,0.226,0.204,0.19,0.187,0.198,0.202,0.196,0.19,0.215,0.196,0.196,0.167,0.208,0.194,0.182,0.175,0.18,0.179,0.191,0.194,0.198,0.179,0.181,0.192,0.183,0.19,0.179,0.191,0.215,0.188,0.181,0.206,0.182,0.184,0.207,0.202,0.222,0.194,0.203,40
0.193,0.227,0.204,0.188,0.187,0.199,0.201,0.196,0.185,0.215,0.193,0.2,0.168,0.209,0.193,0.18,0.176,0.181,0.178,0.193,0.198,0.2,0.177,0.185,0.192,0.184,0.189,0.177,0.191,0.214,0.187,0.184,0.206,0.18,0.184,0.207,0.205,0.221,0.194,0.204,60
0.191,0.225,0.204,0.188,0.186,0.201,0.207,0.195,0.186,0.216,0.196,0.204,0.17,0.211,0.197,0.181,0.175,0.184,0.178,0.195,0.207,0.202,0.182,0.193,0.192,0.186,0.19,0.178,0.193,0.216,0.191,0.184,0.204,0.179,0.184,0.208,0.204,0.22,0.195,0.207,80
0.194,0.227,0.206,0.192,0.185,0.202,0.212,0.2,0.192,0.217,0.194,0.203,0.174,0.219,0.199,0.179,0.177,0.19,0.179,0.199,0.22,0.206,0.188,0.203,0.193,0.19,0.192,0.181,0.197,0.216,0.19,0.187,0.197,0.179,0.187,0.21,0.209,0.216,0.198,0.21,100
0.189,0.221,0.205,0.191,0.19,0.212,0.208,0.199,0.195,0.221,0.199,0.211,0.179,0.222,0.205,0.184,0.175,0.188,0.183,0.2,0.242,0.217,0.191,0.221,0.197,0.194,0.194,0.184,0.201,0.218,0.192,0.185,0.205,0.178,0.181,0.215,0.212,0.225,0.202,0.217,120
0.19,0.225,0.205,0.198,0.194,0.223,0.221,0.208,0.206,0.234,0.206,0.219,0.191,0.237,0.216,0.189,0.181,0.196,0.192,0.209,0.278,0.226,0.208,0.251,0.204,0.203,0.201,0.193,0.209,0.217,0.197,0.188,0.205,0.178,0.183,0.223,0.221,0.232,0.211,0.231,140
0.196,0.235,0.208,0.208,0.196,0.237,0.237,0.223,0.225,0.249,0.212,0.224,0.211,0.261,0.23,0.197,0.192,0.21,0.2,0.215,0.334,0.249,0.235,0.298,0.209,0.221,0.211,0.208,0.226,0.22,0.201,0.19,0.199,0.178,0.186,0.234,0.226,0.24,0.225,0.248,160
0.192,0.237,0.206,0.219,0.209,0.273,0.258,0.235,0.251,0.275,0.229,0.248,0.242,0.298,0.254,0.212,0.207,0.224,0.218,0.237,0.399,0.285,0.266,0.365,0.225,0.246,0.229,0.229,0.251,0.223,0.21,0.195,0.205,0.178,0.184,0.252,0.237,0.265,0.246,0.281,180
0.195,0.251,0.21,0.24,0.226,0.318,0.294,0.266,0.295,0.319,0.253,0.282,0.293,0.354,0.29,0.237,0.236,0.256,0.246,0.264,0.477,0.339,0.316,0.459,0.246,0.287,0.26,0.267,0.291,0.231,0.224,0.203,0.207,0.18,0.187,0.277,0.261,0.295,0.282,0.324,200
0.202,0.272,0.213,0.274,0.247,0.377,0.34,0.307,0.351,0.379,0.289,0.328,0.359,0.435,0.331,0.275,0.277,0.303,0.288,0.308,0.545,0.411,0.388,0.538,0.278,0.344,0.3,0.314,0.345,0.233,0.242,0.216,0.206,0.18,0.188,0.316,0.293,0.332,0.327,0.384,220
0.2,0.293,0.214,0.319,0.288,0.462,0.405,0.362,0.43,0.459,0.343,0.403,0.445,0.512,0.385,0.325,0.331,0.361,0.353,0.369,0.626,0.485,0.468,0.629,0.329,0.423,0.361,0.383,0.423,0.25,0.271,0.233,0.212,0.18,0.189,0.367,0.334,0.391,0.393,0.461,240
0.202,0.329,0.218,0.38,0.338,0.532,0.478,0.432,0.501,0.534,0.409,0.49,0.515,0.594,0.462,0.396,0.402,0.445,0.438,0.453,0.71,0.556,0.56,0.716,0.397,0.505,0.439,0.461,0.5,0.267,0.305,0.259,0.213,0.181,0.189,0.441,0.391,0.467,0.472,0.538,260
0.208,0.376,0.224,0.452,0.405,0.609,0.549,0.495,0.577,0.614,0.48,0.572,0.589,0.68,0.538,0.473,0.472,0.515,0.515,0.529,0.792,0.632,0.632,0.802,0.479,0.59,0.509,0.537,0.576,0.289,0.349,0.286,0.212,0.181,0.191,0.515,0.469,0.541,0.55,0.619,280
0.214,0.443,0.231,0.525,0.472,0.682,0.618,0.564,0.653,0.697,0.551,0.654,0.665,0.761,0.608,0.55,0.545,0.59,0.602,0.613,0.868,0.707,0.714,0.887,0.544,0.686,0.585,0.616,0.67,0.326,0.413,0.331,0.211,0.182,0.193,0.597,0.544,0.619,0.641,0.706,300
0.224,0.504,0.241,0.596,0.546,0.75,0.692,0.628,0.728,0.773,0.614,0.74,0.737,0.838,0.685,0.635,0.618,0.671,0.686,0.699,0.944,0.773,0.796,0.966,0.627,0.775,0.669,0.696,0.751,0.372,0.477,0.385,0.209,0.183,0.195,0.696,0.621,0.711,0.734,0.795,320
0.238,0.572,0.252,0.672,0.622,0.816,0.76,0.692,0.796,0.847,0.687,0.82,0.806,0.909,0.759,0.722,0.693,0.745,0.762,0.78,1.016,0.841,0.873,1.041,0.715,0.865,0.75,0.773,0.833,0.443,0.546,0.449,0.213,0.184,0.199,0.79,0.712,0.801,0.826,0.883,340
0.258,0.644,0.27,0.744,0.697,0.873,0.824,0.746,0.864,0.919,0.754,0.89,0.871,0.979,0.821,0.798,0.756,0.808,0.829,0.853,1.061,0.9,0.944,1.075,0.791,0.943,0.82,0.842,0.899,0.512,0.625,0.517,0.212,0.183,0.203,0.881,0.789,0.876,0.905,0.955,360
0.282,0.711,0.291,0.811,0.764,0.93,0.891,0.807,0.93,0.986,0.816,0.959,0.934,1.034,0.885,0.871,0.824,0.873,0.9,0.927,1.103,0.96,1.01,1.122,0.863,1.022,0.892,0.909,0.965,0.592,0.708,0.583,0.212,0.184,0.205,0.963,0.867,0.951,0.986,1.028,380
0.318,0.774,0.32,0.877,0.828,0.984,0.951,0.856,0.989,1.045,0.865,1.02,0.992,1.074,0.941,0.94,0.882,0.935,0.963,0.997,1.143,1.019,1.07,1.159,0.933,1.072,0.957,0.97,1.017,0.679,0.787,0.657,0.212,0.184,0.21,1.038,0.937,1.017,1.058,1.068,400
0.366,0.835,0.364,0.942,0.892,1.033,1.004,0.905,1.042,1.087,0.921,1.081,1.047,1.114,1.004,1.005,0.938,0.992,1.028,1.049,1.187,1.07,1.116,1.192,0.984,1.119,1.016,1.029,1.06,0.762,0.864,0.732,0.212,0.185,0.217,1.11,1.007,1.079,1.104,1.113,420
0.432,0.898,0.424,0.999,0.954,1.08,1.051,0.951,1.09,1.118,0.963,1.128,1.094,1.152,1.052,1.054,0.988,1.045,1.074,1.091,1.22,1.106,1.136,1.226,1.018,1.158,1.073,1.081,1.092,0.843,0.932,0.798,0.212,0.185,0.228,1.159,1.064,1.126,1.149,1.151,440
0.496,0.955,0.479,1.054,1.011,1.118,1.095,1,1.132,1.155,1.005,1.172,1.138,1.191,1.099,1.095,1.037,1.095,1.116,1.136,1.267,1.146,1.164,1.263,1.06,1.202,1.122,1.129,1.126,0.919,0.999,0.867,0.212,0.183,0.245,1.205,1.12,1.166,1.196,1.194,460
0.569,1.012,0.549,1.104,1.06,1.15,1.132,1.037,1.161,1.191,1.042,1.21,1.176,1.225,1.138,1.131,1.077,1.139,1.156,1.178,1.315,1.181,1.192,1.304,1.088,1.242,1.161,1.17,1.162,0.995,1.056,0.928,0.214,0.185,0.271,1.246,1.173,1.204,1.237,1.242,480
0.64,1.065,0.623,1.147,1.1,1.175,1.165,1.072,1.192,1.222,1.078,1.244,1.21,1.267,1.171,1.161,1.118,1.178,1.188,1.214,1.35,1.219,1.216,1.337,1.127,1.283,1.206,1.205,1.192,1.053,1.113,0.981,0.219,0.184,0.307,1.289,1.222,1.241,1.281,1.276,500
0.707,1.114,0.692,1.186,1.145,1.212,1.204,1.102,1.228,1.252,1.111,1.28,1.244,1.303,1.212,1.202,1.159,1.219,1.22,1.256,1.384,1.252,1.245,1.364,1.179,1.328,1.238,1.239,1.221,1.095,1.167,1.03,0.219,0.185,0.363,1.337,1.262,1.281,1.316,1.304,520
0.769,1.164,0.759,1.222,1.183,1.233,1.23,1.128,1.25,1.282,1.131,1.306,1.274,1.332,1.23,1.238,1.189,1.262,1.258,1.287,1.404,1.286,1.27,1.393,1.218,1.367,1.268,1.268,1.249,1.13,1.216,1.066,0.215,0.187,0.426,1.372,1.291,1.313,1.344,1.327,540
0.828,1.212,0.82,1.255,1.219,1.26,1.264,1.16,1.282,1.321,1.158,1.336,1.3,1.356,1.265,1.27,1.227,1.295,1.287,1.327,1.443,1.324,1.286,1.423,1.264,1.399,1.309,1.306,1.284,1.171,1.262,1.105,0.223,0.189,0.512,1.399,1.33,1.334,1.368,1.348,560
0.885,1.256,0.881,1.286,1.25,1.276,1.291,1.183,1.307,1.349,1.184,1.371,1.333,1.377,1.283,1.302,1.244,1.34,1.318,1.36,1.44,1.357,1.304,1.447,1.283,1.419,1.334,1.351,1.319,1.203,1.297,1.151,0.23,0.192,0.59,1.421,1.367,1.352,1.387,1.363,580
0.94,1.293,0.939,1.315,1.286,1.303,1.324,1.201,1.332,1.379,1.217,1.403,1.362,1.397,1.314,1.352,1.284,1.36,1.346,1.401,1.487,1.386,1.322,1.461,1.309,1.446,1.353,1.371,1.349,1.246,1.341,1.193,0.234,0.196,0.686,1.436,1.385,1.37,1.407,1.38,600
0.988,1.328,0.992,1.351,1.335,1.317,1.344,1.227,1.373,1.414,1.239,1.425,1.383,1.412,1.346,1.388,1.318,1.411,1.389,1.429,1.518,1.409,1.37,1.495,1.333,1.465,1.373,1.406,1.369,1.288,1.384,1.229,0.236,0.202,0.774,1.456,1.408,1.38,1.419,1.391,620
1.038,1.361,1.042,1.37,1.368,1.342,1.387,1.242,1.372,1.41,1.269,1.436,1.399,1.424,1.337,1.408,1.334,1.44,1.409,1.444,1.497,1.418,1.378,1.505,1.332,1.471,1.388,1.398,1.378,1.319,1.406,1.25,0.248,0.211,0.859,1.469,1.426,1.391,1.438,1.402,640
1.083,1.39,1.086,1.388,1.402,1.366,1.402,1.261,1.392,1.455,1.293,1.454,1.412,1.434,1.359,1.438,1.358,1.466,1.426,1.467,1.522,1.439,1.382,1.512,1.377,1.491,1.397,1.415,1.395,1.352,1.427,1.286,0.266,0.22,0.936,1.482,1.448,1.401,1.448,1.413,660
1.123,1.412,1.129,1.407,1.436,1.381,1.415,1.29,1.416,1.453,1.32,1.465,1.425,1.45,1.378,1.471,1.383,1.492,1.446,1.486,1.544,1.451,1.419,1.532,1.394,1.506,1.409,1.45,1.416,1.373,1.446,1.305,0.289,0.237,1.007,1.496,1.436,1.405,1.454,1.42,680
1.168,1.44,1.167,1.422,1.459,1.389,1.435,1.308,1.431,1.48,1.339,1.478,1.439,1.459,1.392,1.484,1.412,1.503,1.459,1.501,1.554,1.46,1.444,1.534,1.41,1.513,1.422,1.472,1.435,1.394,1.457,1.323,0.319,0.262,1.065,1.502,1.457,1.413,1.463,1.428,700
1.207,1.459,1.211,1.438,1.461,1.388,1.452,1.329,1.448,1.48,1.364,1.484,1.451,1.472,1.393,1.472,1.428,1.543,1.475,1.512,1.538,1.471,1.452,1.546,1.425,1.522,1.431,1.515,1.44,1.407,1.465,1.349,0.367,0.296,1.102,1.513,1.463,1.421,1.472,1.435,720
1.248,1.469,1.246,1.445,1.483,1.406,1.46,1.346,1.466,1.512,1.386,1.493,1.453,1.48,1.408,1.508,1.435,1.554,1.48,1.526,1.558,1.477,1.452,1.55,1.445,1.533,1.436,1.519,1.433,1.428,1.484,1.381,0.42,0.345,1.144,1.522,1.467,1.425,1.48,1.439,740
1.284,1.479,1.271,1.462,1.504,1.42,1.471,1.361,1.48,1.538,1.404,1.504,1.464,1.488,1.423,1.524,1.456,1.554,1.495,1.54,1.585,1.492,1.464,1.56,1.474,1.541,1.445,1.533,1.47,1.457,1.502,1.405,0.493,0.402,1.186,1.532,1.467,1.43,1.491,1.445,760
1.313,1.484,1.304,1.473,1.535,1.419,1.478,1.376,1.476,1.542,1.416,1.506,1.474,1.501,1.426,1.528,1.461,1.578,1.505,1.545,1.588,1.501,1.474,1.572,1.464,1.552,1.455,1.54,1.476,1.448,1.512,1.415,0.561,0.477,1.225,1.537,1.47,1.438,1.497,1.454,780
1.341,1.495,1.331,1.48,1.537,1.432,1.495,1.382,1.48,1.537,1.426,1.512,1.485,1.506,1.425,1.55,1.48,1.582,1.516,1.559,1.596,1.511,1.516,1.577,1.492,1.562,1.454,1.561,1.49,1.477,1.522,1.44,0.631,0.55,1.253,1.544,1.473,1.444,1.504,1.458,800
1.365,1.505,1.36,1.492,1.567,1.443,1.505,1.394,1.499,1.554,1.442,1.518,1.489,1.515,1.433,1.573,1.491,1.604,1.522,1.568,1.604,1.515,1.526,1.587,1.499,1.572,1.461,1.574,1.495,1.488,1.539,1.47,0.701,0.636,1.291,1.554,1.481,1.448,1.51,1.463,820
1.393,1.507,1.397,1.503,1.565,1.446,1.508,1.412,1.509,1.578,1.449,1.521,1.502,1.524,1.441,1.583,1.506,1.623,1.541,1.58,1.618,1.525,1.534,1.602,1.513,1.58,1.472,1.56,1.518,1.504,1.546,1.44,0.768,0.719,1.323,1.562,1.489,1.454,1.52,1.47,840
1.419,1.52,1.417,1.507,1.577,1.449,1.515,1.421,1.53,1.582,1.447,1.526,1.505,1.529,1.451,1.589,1.518,1.631,1.542,1.591,1.625,1.533,1.537,1.6,1.519,1.592,1.477,1.596,1.492,1.505,1.554,1.475,0.823,0.793,1.347,1.568,1.494,1.454,1.524,1.47,860
1.444,1.52,1.424,1.526,1.629,1.47,1.521,1.439,1.547,1.627,1.464,1.531,1.519,1.545,1.463,1.604,1.53,1.624,1.561,1.6,1.678,1.542,1.563,1.613,1.525,1.599,1.48,1.601,1.56,1.524,1.573,1.453,0.882,0.863,1.372,1.578,1.497,1.463,1.533,1.477,880
1.456,1.53,1.439,1.523,1.623,1.469,1.532,1.443,1.552,1.613,1.472,1.531,1.525,1.546,1.466,1.611,1.537,1.643,1.561,1.611,1.649,1.548,1.56,1.615,1.53,1.6,1.488,1.621,1.561,1.559,1.577,1.481,0.928,0.925,1.39,1.579,1.504,1.467,1.538,1.476,900
1.471,1.537,1.456,1.53,1.658,1.478,1.538,1.45,1.558,1.62,1.48,1.542,1.534,1.556,1.471,1.624,1.543,1.634,1.573,1.616,1.667,1.558,1.527,1.625,1.53,1.606,1.495,1.594,1.552,1.557,1.589,1.459,0.972,0.975,1.406,1.585,1.51,1.47,1.54,1.481,920
1.48,1.546,1.468,1.539,1.621,1.481,1.543,1.465,1.571,1.596,1.5,1.54,1.533,1.56,1.47,1.629,1.551,1.649,1.574,1.631,1.663,1.556,1.53,1.621,1.533,1.612,1.495,1.613,1.572,1.583,1.598,1.476,1.007,1.016,1.428,1.586,1.513,1.467,1.546,1.483,940
1.494,1.551,1.474,1.553,1.641,1.485,1.55,1.479,1.554,1.619,1.508,1.548,1.546,1.567,1.468,1.635,1.558,1.672,1.581,1.634,1.666,1.566,1.526,1.628,1.537,1.619,1.505,1.632,1.576,1.572,1.611,1.487,1.049,1.061,1.439,1.59,1.519,1.475,1.548,1.488,960
1.508,1.564,1.486,1.557,1.655,1.493,1.561,1.497,1.587,1.655,1.523,1.551,1.55,1.576,1.481,1.649,1.575,1.693,1.593,1.651,1.684,1.573,1.526,1.637,1.543,1.625,1.503,1.644,1.613,1.586,1.617,1.5,1.083,1.104,1.458,1.595,1.518,1.473,1.55,1.488,980
1.515,1.563,1.488,1.558,1.654,1.496,1.556,1.505,1.58,1.643,1.524,1.555,1.552,1.578,1.48,1.652,1.574,1.684,1.589,1.661,1.683,1.574,1.536,1.634,1.547,1.627,1.504,1.658,1.607,1.594,1.627,1.51,1.118,1.145,1.479,1.596,1.523,1.473,1.55,1.488,1000
1.521,1.574,1.487,1.563,1.697,1.506,1.562,1.516,1.568,1.637,1.532,1.554,1.56,1.583,1.477,1.654,1.586,1.698,1.604,1.659,1.716,1.588,1.578,1.641,1.55,1.633,1.509,1.648,1.615,1.597,1.635,1.52,1.162,1.18,1.485,1.599,1.526,1.474,1.554,1.49,1020
1.534,1.575,1.502,1.57,1.667,1.504,1.567,1.527,1.586,1.678,1.542,1.559,1.565,1.586,1.482,1.663,1.594,1.709,1.605,1.67,1.691,1.593,1.559,1.647,1.552,1.635,1.509,1.687,1.621,1.589,1.639,1.538,1.188,1.22,1.504,1.6,1.529,1.476,1.558,1.487,1040
1.547,1.581,1.511,1.573,1.686,1.51,1.569,1.53,1.585,1.726,1.544,1.56,1.569,1.587,1.482,1.666,1.602,1.722,1.605,1.668,1.693,1.595,1.568,1.648,1.555,1.639,1.512,1.68,1.617,1.604,1.643,1.534,1.208,1.243,1.512,1.601,1.531,1.473,1.556,1.488,1060
1.553,1.588,1.512,1.576,1.708,1.517,1.569,1.535,1.592,1.729,1.56,1.56,1.575,1.59,1.487,1.677,1.609,1.715,1.615,1.67,1.724,1.595,1.578,1.653,1.558,1.637,1.51,1.672,1.638,1.605,1.65,1.519,1.231,1.269,1.538,1.599,1.527,1.472,1.558,1.487,1080
1.563,1.593,1.52,1.583,1.724,1.523,1.574,1.551,1.605,1.731,1.564,1.563,1.581,1.593,1.486,1.677,1.618,1.734,1.621,1.678,1.725,1.608,1.592,1.663,1.564,1.639,1.514,1.658,1.643,1.63,1.653,1.532,1.25,1.282,1.556,1.6,1.528,1.476,1.561,1.487,1100
1.576,1.594,1.514,1.582,1.719,1.516,1.574,1.548,1.593,1.695,1.575,1.565,1.581,1.593,1.481,1.676,1.626,1.718,1.619,1.679,1.707,1.608,1.6,1.658,1.562,1.645,1.51,1.714,1.612,1.617,1.665,1.546,1.27,1.299,1.544,1.602,1.536,1.468,1.558,1.486,1120
1.578,1.595,1.536,1.589,1.721,1.519,1.573,1.558,1.61,1.758,1.575,1.56,1.584,1.601,1.49,1.672,1.632,1.746,1.627,1.69,1.715,1.607,1.601,1.67,1.565,1.646,1.513,1.707,1.602,1.62,1.657,1.551,1.282,1.309,1.563,1.603,1.537,1.474,1.564,1.486,1140
1.591,1.595,1.535,1.586,1.723,1.524,1.578,1.566,1.619,1.732,1.588,1.564,1.584,1.597,1.485,1.68,1.637,1.748,1.629,1.686,1.732,1.612,1.611,1.68,1.565,1.647,1.512,1.729,1.672,1.642,1.664,1.552,1.288,1.364,1.601,1.602,1.528,1.464,1.562,1.482,1160
1.598,1.597,1.543,1.589,1.729,1.524,1.579,1.573,1.612,1.74,1.584,1.564,1.587,1.6,1.485,1.678,1.644,1.765,1.626,1.687,1.725,1.616,1.617,1.686,1.57,1.65,1.512,1.734,1.646,1.627,1.664,1.571,1.295,1.369,1.611,1.605,1.531,1.466,1.56,1.483,1180
1.609,1.602,1.553,1.595,1.725,1.524,1.58,1.572,1.609,1.733,1.594,1.563,1.591,1.603,1.486,1.681,1.647,1.75,1.629,1.693,1.731,1.619,1.617,1.683,1.569,1.653,1.512,1.739,1.639,1.648,1.67,1.58,1.3,1.37,1.65,1.603,1.528,1.464,1.561,1.48,1200
1.612,1.6,1.551,1.591,1.781,1.54,1.581,1.575,1.614,1.793,1.605,1.565,1.591,1.601,1.485,1.696,1.646,1.727,1.637,1.686,1.748,1.624,1.632,1.686,1.568,1.651,1.511,1.701,1.69,1.651,1.679,1.562,1.306,1.411,1.655,1.6,1.525,1.461,1.56,1.48,1220