EcoliMG1655_noIPTG_25_1,EcoliMG1655_noIPTG_25_2,EcoliMG1655_noIPTG_25_3,EcoliMG1655_noIPTG_25_4,EcoliMG1655_noIPTG_25_5,dNIF2_noIPTG_25_1,dNIF2_noIPTG_25_2,dNIF2_noIPTG_25_3,dNIF2_noIPTG_25_4,dNIF2_noIPTG_25_5,dG1IF2_noIPTG_25_1,dG1IF2_noIPTG_25_2,dG1IF2_noIPTG_25_3,dG1IF2_noIPTG_25_4,dG1IF2_noIPTG_25_5,EcoliMG1655_noIPTG_30_1,EcoliMG1655_noIPTG_30_2,EcoliMG1655_noIPTG_30_3,EcoliMG1655_noIPTG_30_4,EcoliMG1655_noIPTG_30_5,dNIF2_noIPTG_30_1,dNIF2_noIPTG_30_2,dNIF2_noIPTG_30_3,dNIF2_noIPTG_30_4,dNIF2_noIPTG_30_5,dG1IF2_noIPTG_30_1,dG1IF2_noIPTG_30_2,dG1IF2_noIPTG_30_3,dG1IF2_noIPTG_30_4,dG1IF2_noIPTG_30_5,EcoliMG1655_noIPTG_37_1,EcoliMG1655_noIPTG_37_2,EcoliMG1655_noIPTG_37_3,EcoliMG1655_noIPTG_37_4,EcoliMG1655_noIPTG_37_5,dNIF2_noIPTG_37_1,dNIF2_noIPTG_37_2,dNIF2_noIPTG_37_3,dNIF2_noIPTG_37_4,dNIF2_noIPTG_37_5,dG1IF2_noIPTG_37_1,dG1IF2_noIPTG_37_2,dG1IF2_noIPTG_37_3,dG1IF2_noIPTG_37_4,dG1IF2_noIPTG_37_5,EcoliMG1655_noIPTG_42_1,EcoliMG1655_noIPTG_42_2,EcoliMG1655_noIPTG_42_3,EcoliMG1655_noIPTG_42_4,EcoliMG1655_noIPTG_42_5,dNIF2_noIPTG_42_1,dNIF2_noIPTG_42_2,dNIF2_noIPTG_42_3,dNIF2_noIPTG_42_4,dNIF2_noIPTG_42_5,dG1IF2_noIPTG_42_1,dG1IF2_noIPTG_42_2,dG1IF2_noIPTG_42_3,dG1IF2_noIPTG_42_4,dG1IF2_noIPTG_42_5,time
0.117,0.13,0.17,0.124,0.141,0.132,0.13,0.134,0.14,0.148,0.143,0.119,0.135,0.159,0.144,0.137,0.15,0.133,0.139,0.137,0.156,0.161,0.132,0.132,0.138,0.129,0.132,0.146,0.149,0.135,0.119,0.127,0.128,0.134,0.153,0.162,0.125,0.166,0.189,0.129,0.14,0.136,0.152,0.146,0.158,0.155,0.156,0.16,0.182,0.141,0.168,0.151,0.155,0.166,0.185,0.161,0.13,0.135,0.14,0.139,0
0.122,0.128,0.166,0.12,0.138,0.128,0.129,0.134,0.148,0.143,0.141,0.119,0.139,0.156,0.132,0.137,0.128,0.14,0.135,0.138,0.154,0.135,0.126,0.124,0.157,0.132,0.127,0.149,0.143,0.142,0.111,0.137,0.127,0.135,0.161,0.159,0.13,0.167,0.188,0.14,0.142,0.137,0.162,0.141,0.168,0.158,0.146,0.156,0.176,0.139,0.161,0.158,0.167,0.172,0.182,0.163,0.133,0.132,0.14,0.136,15
0.123,0.129,0.165,0.124,0.138,0.128,0.128,0.134,0.145,0.141,0.141,0.12,0.142,0.156,0.132,0.138,0.13,0.14,0.136,0.14,0.158,0.136,0.127,0.128,0.154,0.134,0.128,0.146,0.145,0.142,0.126,0.134,0.131,0.149,0.151,0.158,0.131,0.167,0.193,0.133,0.14,0.138,0.164,0.15,0.174,0.161,0.145,0.161,0.178,0.142,0.165,0.167,0.171,0.173,0.181,0.159,0.135,0.134,0.141,0.138,30
0.124,0.129,0.166,0.125,0.14,0.129,0.128,0.133,0.146,0.141,0.142,0.12,0.141,0.156,0.132,0.142,0.132,0.14,0.14,0.142,0.159,0.138,0.128,0.142,0.157,0.135,0.129,0.15,0.145,0.143,0.13,0.138,0.136,0.153,0.156,0.158,0.132,0.167,0.196,0.134,0.145,0.137,0.165,0.151,0.175,0.168,0.151,0.168,0.185,0.148,0.167,0.162,0.172,0.172,0.18,0.157,0.147,0.135,0.142,0.138,45
0.121,0.136,0.183,0.132,0.144,0.133,0.129,0.132,0.153,0.131,0.145,0.122,0.132,0.17,0.13,0.145,0.136,0.148,0.142,0.145,0.161,0.141,0.13,0.13,0.156,0.137,0.13,0.15,0.147,0.143,0.129,0.154,0.143,0.148,0.174,0.162,0.135,0.169,0.196,0.142,0.148,0.14,0.162,0.139,0.171,0.185,0.166,0.188,0.204,0.166,0.168,0.163,0.173,0.175,0.18,0.163,0.151,0.138,0.143,0.141,60
0.126,0.132,0.168,0.121,0.141,0.132,0.127,0.133,0.145,0.138,0.143,0.122,0.14,0.157,0.13,0.15,0.141,0.152,0.147,0.149,0.161,0.139,0.131,0.143,0.16,0.137,0.132,0.152,0.148,0.144,0.167,0.171,0.167,0.177,0.183,0.162,0.136,0.17,0.202,0.139,0.151,0.14,0.168,0.15,0.177,0.219,0.197,0.223,0.237,0.196,0.17,0.164,0.174,0.174,0.181,0.164,0.15,0.14,0.144,0.145,75
0.129,0.134,0.169,0.133,0.144,0.131,0.128,0.133,0.14,0.139,0.145,0.123,0.144,0.157,0.131,0.16,0.151,0.152,0.156,0.156,0.164,0.141,0.13,0.148,0.16,0.14,0.132,0.152,0.149,0.146,0.204,0.204,0.203,0.211,0.213,0.166,0.139,0.173,0.203,0.14,0.149,0.142,0.171,0.155,0.18,0.265,0.24,0.261,0.274,0.233,0.171,0.165,0.175,0.176,0.179,0.165,0.149,0.141,0.145,0.143,90
0.133,0.138,0.173,0.142,0.147,0.132,0.129,0.133,0.141,0.143,0.145,0.124,0.144,0.159,0.133,0.173,0.167,0.171,0.167,0.17,0.165,0.144,0.134,0.147,0.161,0.141,0.135,0.154,0.15,0.148,0.22,0.221,0.219,0.23,0.229,0.171,0.141,0.174,0.203,0.144,0.152,0.146,0.173,0.159,0.184,0.297,0.275,0.3,0.314,0.271,0.173,0.166,0.176,0.176,0.181,0.169,0.155,0.144,0.149,0.148,105
0.136,0.148,0.196,0.13,0.158,0.137,0.13,0.133,0.152,0.133,0.149,0.126,0.133,0.177,0.134,0.192,0.181,0.193,0.185,0.183,0.168,0.146,0.134,0.135,0.164,0.142,0.135,0.156,0.153,0.151,0.231,0.244,0.231,0.239,0.257,0.174,0.145,0.178,0.203,0.153,0.158,0.151,0.173,0.15,0.18,0.353,0.329,0.354,0.362,0.325,0.176,0.169,0.175,0.177,0.181,0.172,0.159,0.147,0.154,0.146,120
0.151,0.155,0.191,0.147,0.163,0.135,0.131,0.134,0.144,0.141,0.149,0.126,0.145,0.163,0.136,0.197,0.19,0.192,0.192,0.192,0.168,0.15,0.137,0.159,0.166,0.146,0.138,0.158,0.155,0.153,0.294,0.292,0.288,0.296,0.294,0.18,0.152,0.186,0.215,0.157,0.161,0.152,0.182,0.164,0.189,0.421,0.403,0.417,0.421,0.386,0.177,0.17,0.18,0.179,0.181,0.178,0.161,0.15,0.161,0.151,135
0.167,0.171,0.204,0.163,0.176,0.165,0.132,0.135,0.143,0.142,0.152,0.129,0.146,0.164,0.138,0.197,0.191,0.199,0.193,0.197,0.174,0.152,0.141,0.155,0.167,0.149,0.139,0.16,0.158,0.155,0.407,0.389,0.361,0.362,0.369,0.186,0.158,0.191,0.225,0.16,0.165,0.159,0.185,0.168,0.195,0.492,0.475,0.469,0.475,0.438,0.179,0.173,0.178,0.181,0.183,0.178,0.157,0.154,0.167,0.158,150
0.175,0.179,0.212,0.177,0.186,0.138,0.132,0.138,0.143,0.142,0.155,0.132,0.151,0.166,0.139,0.215,0.206,0.26,0.238,0.231,0.175,0.158,0.144,0.161,0.17,0.15,0.142,0.164,0.162,0.156,0.433,0.38,0.417,0.386,0.415,0.195,0.165,0.199,0.23,0.177,0.17,0.165,0.192,0.172,0.2,0.555,0.547,0.515,0.525,0.48,0.186,0.175,0.182,0.183,0.188,0.181,0.162,0.157,0.169,0.161,165
0.179,0.184,0.22,0.184,0.193,0.138,0.134,0.139,0.149,0.144,0.156,0.133,0.153,0.168,0.141,0.239,0.231,0.295,0.29,0.277,0.179,0.163,0.151,0.157,0.174,0.153,0.146,0.165,0.163,0.16,0.538,0.495,0.409,0.423,0.432,0.207,0.176,0.211,0.237,0.182,0.175,0.17,0.2,0.183,0.207,0.599,0.618,0.597,0.607,0.563,0.193,0.181,0.185,0.187,0.19,0.19,0.171,0.164,0.174,0.17,180
0.187,0.191,0.227,0.192,0.201,0.142,0.138,0.139,0.149,0.146,0.159,0.137,0.153,0.171,0.144,0.271,0.267,0.28,0.277,0.27,0.186,0.166,0.153,0.169,0.181,0.158,0.15,0.169,0.17,0.165,0.608,0.576,0.491,0.515,0.477,0.217,0.182,0.218,0.252,0.196,0.186,0.176,0.208,0.19,0.215,0.645,0.674,0.641,0.651,0.611,0.2,0.188,0.189,0.192,0.195,0.197,0.179,0.174,0.182,0.175,195
0.223,0.226,0.261,0.218,0.23,0.142,0.14,0.142,0.148,0.147,0.161,0.139,0.157,0.176,0.148,0.296,0.294,0.311,0.303,0.308,0.192,0.172,0.159,0.163,0.185,0.161,0.154,0.173,0.171,0.169,0.63,0.603,0.537,0.566,0.523,0.228,0.203,0.238,0.262,0.206,0.195,0.186,0.216,0.196,0.228,0.707,0.7,0.664,0.692,0.64,0.205,0.192,0.197,0.198,0.203,0.203,0.19,0.182,0.194,0.185,210
0.254,0.252,0.292,0.255,0.257,0.147,0.143,0.146,0.151,0.149,0.165,0.144,0.159,0.176,0.16,0.346,0.345,0.372,0.36,0.36,0.198,0.18,0.166,0.172,0.192,0.164,0.161,0.176,0.177,0.171,0.644,0.628,0.54,0.575,0.548,0.244,0.22,0.243,0.279,0.218,0.205,0.193,0.229,0.207,0.236,0.689,0.727,0.684,0.714,0.658,0.211,0.2,0.206,0.204,0.212,0.211,0.195,0.194,0.199,0.19,225
0.301,0.299,0.334,0.294,0.293,0.151,0.144,0.15,0.157,0.153,0.167,0.144,0.16,0.18,0.159,0.407,0.365,0.456,0.434,0.427,0.204,0.19,0.172,0.185,0.198,0.171,0.164,0.182,0.181,0.178,0.664,0.644,0.587,0.628,0.597,0.258,0.23,0.257,0.289,0.232,0.219,0.206,0.239,0.222,0.248,0.711,0.749,0.714,0.742,0.687,0.215,0.21,0.215,0.212,0.217,0.225,0.211,0.207,0.215,0.2,240
0.37,0.368,0.392,0.324,0.334,0.16,0.149,0.149,0.17,0.152,0.176,0.153,0.154,0.196,0.151,0.435,0.453,0.487,0.465,0.475,0.21,0.196,0.18,0.181,0.203,0.176,0.173,0.189,0.188,0.184,0.671,0.655,0.618,0.659,0.645,0.271,0.25,0.277,0.313,0.257,0.237,0.223,0.253,0.227,0.259,0.751,0.758,0.714,0.747,0.681,0.224,0.218,0.222,0.221,0.227,0.238,0.223,0.22,0.226,0.218,255
0.378,0.35,0.45,0.386,0.405,0.16,0.153,0.157,0.161,0.158,0.175,0.148,0.166,0.184,0.154,0.462,0.452,0.5,0.499,0.496,0.218,0.207,0.191,0.189,0.216,0.184,0.177,0.196,0.194,0.189,0.707,0.708,0.663,0.719,0.667,0.301,0.262,0.296,0.32,0.264,0.249,0.231,0.267,0.253,0.275,0.728,0.758,0.739,0.778,0.712,0.235,0.234,0.231,0.232,0.232,0.25,0.238,0.24,0.244,0.231,270
0.462,0.448,0.469,0.424,0.42,0.166,0.154,0.16,0.167,0.161,0.181,0.152,0.17,0.189,0.156,0.469,0.48,0.524,0.509,0.519,0.228,0.216,0.199,0.197,0.22,0.191,0.186,0.199,0.2,0.192,0.741,0.706,0.68,0.719,0.685,0.339,0.306,0.312,0.35,0.285,0.266,0.247,0.28,0.268,0.29,0.777,0.792,0.753,0.785,0.715,0.249,0.25,0.245,0.255,0.245,0.26,0.254,0.245,0.26,0.245,285
0.476,0.478,0.487,0.452,0.473,0.17,0.164,0.168,0.169,0.167,0.188,0.162,0.171,0.192,0.163,0.537,0.541,0.573,0.558,0.566,0.227,0.227,0.212,0.207,0.229,0.194,0.201,0.217,0.217,0.198,0.73,0.725,0.69,0.732,0.691,0.355,0.316,0.365,0.381,0.314,0.281,0.265,0.295,0.284,0.304,0.775,0.794,0.766,0.797,0.723,0.263,0.258,0.255,0.256,0.25,0.275,0.27,0.269,0.278,0.261,300
0.545,0.515,0.507,0.471,0.502,0.2,0.195,0.17,0.176,0.176,0.189,0.162,0.178,0.194,0.168,0.578,0.545,0.593,0.589,0.554,0.255,0.239,0.216,0.22,0.239,0.203,0.201,0.212,0.215,0.206,0.772,0.718,0.708,0.762,0.72,0.399,0.355,0.401,0.414,0.372,0.301,0.283,0.313,0.307,0.324,0.785,0.794,0.769,0.806,0.731,0.293,0.28,0.266,0.269,0.269,0.293,0.287,0.285,0.294,0.281,315
0.566,0.53,0.517,0.503,0.539,0.216,0.176,0.177,0.181,0.174,0.192,0.163,0.18,0.195,0.172,0.575,0.578,0.607,0.583,0.587,0.266,0.251,0.23,0.232,0.253,0.212,0.204,0.22,0.223,0.215,0.789,0.745,0.729,0.792,0.739,0.45,0.401,0.445,0.461,0.414,0.321,0.307,0.334,0.321,0.344,0.798,0.815,0.789,0.818,0.731,0.314,0.302,0.286,0.289,0.29,0.313,0.308,0.309,0.319,0.297,330
0.605,0.58,0.573,0.552,0.541,0.191,0.181,0.185,0.192,0.183,0.197,0.168,0.184,0.204,0.174,0.611,0.616,0.605,0.598,0.599,0.259,0.265,0.242,0.242,0.263,0.221,0.226,0.243,0.239,0.218,0.822,0.746,0.736,0.773,0.758,0.497,0.455,0.481,0.521,0.458,0.351,0.331,0.347,0.35,0.364,0.788,0.802,0.785,0.815,0.738,0.334,0.331,0.306,0.317,0.307,0.336,0.329,0.331,0.345,0.325,345
0.629,0.606,0.599,0.578,0.577,0.19,0.188,0.186,0.193,0.187,0.195,0.179,0.185,0.208,0.174,0.62,0.601,0.614,0.616,0.61,0.288,0.273,0.25,0.255,0.274,0.231,0.225,0.236,0.24,0.228,0.806,0.748,0.742,0.785,0.757,0.555,0.532,0.533,0.563,0.509,0.387,0.368,0.381,0.378,0.416,0.828,0.843,0.819,0.843,0.759,0.377,0.37,0.349,0.35,0.346,0.361,0.363,0.364,0.372,0.345,360
0.624,0.616,0.603,0.573,0.588,0.207,0.201,0.196,0.207,0.189,0.207,0.187,0.177,0.226,0.181,0.649,0.625,0.613,0.607,0.635,0.286,0.286,0.271,0.275,0.288,0.24,0.243,0.262,0.258,0.232,0.826,0.742,0.741,0.79,0.765,0.598,0.589,0.596,0.625,0.56,0.424,0.405,0.409,0.417,0.437,0.795,0.815,0.798,0.828,0.75,0.396,0.418,0.389,0.39,0.388,0.389,0.391,0.388,0.402,0.385,375
0.651,0.634,0.605,0.58,0.6,0.202,0.204,0.201,0.207,0.207,0.207,0.179,0.193,0.213,0.188,0.662,0.662,0.658,0.659,0.641,0.314,0.305,0.283,0.285,0.306,0.242,0.243,0.254,0.26,0.245,0.868,0.755,0.755,0.816,0.776,0.65,0.638,0.627,0.665,0.593,0.462,0.44,0.447,0.449,0.457,0.746,0.804,0.786,0.824,0.741,0.437,0.475,0.434,0.442,0.43,0.422,0.423,0.421,0.433,0.42,390
0.672,0.646,0.61,0.584,0.606,0.222,0.206,0.213,0.218,0.208,0.216,0.188,0.194,0.219,0.188,0.676,0.664,0.638,0.654,0.662,0.334,0.327,0.306,0.302,0.328,0.253,0.255,0.26,0.26,0.256,0.864,0.757,0.757,0.803,0.787,0.671,0.662,0.659,0.692,0.621,0.504,0.483,0.475,0.49,0.483,0.809,0.85,0.825,0.854,0.78,0.499,0.548,0.488,0.482,0.479,0.464,0.472,0.452,0.465,0.445,405
0.671,0.65,0.634,0.595,0.62,0.235,0.227,0.215,0.238,0.217,0.215,0.19,0.19,0.235,0.191,0.691,0.68,0.661,0.676,0.672,0.355,0.346,0.323,0.324,0.345,0.271,0.261,0.27,0.273,0.265,0.861,0.778,0.761,0.809,0.817,0.675,0.668,0.676,0.702,0.645,0.529,0.533,0.499,0.513,0.506,0.796,0.838,0.827,0.847,0.776,0.528,0.578,0.524,0.53,0.515,0.487,0.502,0.482,0.495,0.481,420
0.71,0.659,0.645,0.63,0.635,0.249,0.213,0.226,0.224,0.213,0.218,0.191,0.202,0.216,0.19,0.703,0.699,0.661,0.679,0.67,0.389,0.375,0.348,0.344,0.375,0.278,0.276,0.288,0.281,0.272,0.884,0.78,0.766,0.815,0.813,0.692,0.681,0.693,0.726,0.655,0.563,0.554,0.523,0.549,0.551,0.791,0.818,0.819,0.837,0.754,0.557,0.648,0.539,0.566,0.538,0.511,0.518,0.508,0.524,0.497,435
0.716,0.688,0.658,0.63,0.635,0.224,0.217,0.223,0.234,0.23,0.216,0.191,0.202,0.228,0.193,0.706,0.718,0.678,0.689,0.679,0.41,0.394,0.362,0.394,0.392,0.291,0.286,0.29,0.297,0.278,0.908,0.78,0.773,0.81,0.793,0.697,0.697,0.704,0.743,0.665,0.601,0.601,0.559,0.573,0.572,0.797,0.837,0.825,0.852,0.778,0.605,0.702,0.579,0.607,0.586,0.533,0.538,0.541,0.553,0.532,450
0.727,0.7,0.681,0.643,0.651,0.257,0.244,0.233,0.249,0.236,0.229,0.205,0.202,0.245,0.201,0.711,0.73,0.668,0.687,0.675,0.416,0.428,0.395,0.414,0.414,0.295,0.295,0.301,0.306,0.291,0.927,0.784,0.776,0.814,0.809,0.703,0.706,0.722,0.752,0.672,0.606,0.619,0.58,0.577,0.59,0.787,0.825,0.816,0.837,0.759,0.633,0.724,0.607,0.625,0.606,0.568,0.577,0.565,0.579,0.555,465
0.745,0.722,0.684,0.653,0.654,0.257,0.246,0.239,0.25,0.242,0.223,0.201,0.205,0.234,0.207,0.719,0.735,0.689,0.695,0.688,0.421,0.423,0.418,0.424,0.442,0.32,0.31,0.327,0.323,0.311,0.933,0.785,0.787,0.837,0.814,0.705,0.716,0.716,0.776,0.687,0.617,0.64,0.598,0.595,0.598,0.83,0.862,0.831,0.863,0.785,0.669,0.745,0.634,0.629,0.612,0.599,0.619,0.594,0.609,0.587,480
0.747,0.727,0.687,0.652,0.659,0.264,0.253,0.259,0.259,0.266,0.22,0.207,0.215,0.234,0.207,0.746,0.734,0.672,0.682,0.685,0.474,0.466,0.46,0.474,0.478,0.34,0.332,0.337,0.339,0.326,0.93,0.785,0.808,0.827,0.817,0.711,0.72,0.729,0.778,0.693,0.633,0.643,0.608,0.605,0.617,0.81,0.848,0.83,0.856,0.771,0.68,0.761,0.643,0.653,0.63,0.608,0.63,0.616,0.625,0.597,495
0.75,0.734,0.698,0.675,0.666,0.282,0.27,0.259,0.264,0.315,0.224,0.211,0.22,0.233,0.212,0.746,0.731,0.702,0.72,0.697,0.542,0.535,0.479,0.497,0.526,0.349,0.345,0.345,0.35,0.34,0.954,0.802,0.81,0.839,0.826,0.724,0.739,0.731,0.793,0.701,0.657,0.673,0.629,0.625,0.633,0.8,0.839,0.808,0.822,0.766,0.684,0.761,0.638,0.654,0.632,0.637,0.651,0.635,0.639,0.607,510
0.761,0.743,0.713,0.673,0.673,0.32,0.269,0.275,0.265,0.283,0.232,0.207,0.218,0.238,0.205,0.747,0.741,0.705,0.723,0.7,0.557,0.541,0.516,0.511,0.542,0.377,0.36,0.362,0.367,0.355,0.984,0.803,0.805,0.836,0.826,0.714,0.748,0.739,0.788,0.709,0.663,0.67,0.633,0.639,0.648,0.801,0.831,0.82,0.85,0.773,0.698,0.794,0.647,0.669,0.654,0.644,0.654,0.634,0.644,0.623,525
0.779,0.775,0.731,0.703,0.683,0.353,0.29,0.283,0.28,0.319,0.237,0.217,0.215,0.237,0.212,0.747,0.75,0.75,0.742,0.701,0.572,0.547,0.523,0.519,0.556,0.414,0.406,0.39,0.396,0.39,0.997,0.815,0.811,0.826,0.813,0.73,0.749,0.734,0.791,0.709,0.676,0.69,0.646,0.653,0.658,0.807,0.845,0.829,0.856,0.765,0.718,0.813,0.668,0.688,0.657,0.662,0.677,0.659,0.671,0.642,540
0.776,0.779,0.743,0.702,0.677,0.377,0.324,0.306,0.289,0.342,0.234,0.21,0.221,0.239,0.213,0.78,0.755,0.708,0.736,0.709,0.578,0.558,0.542,0.557,0.57,0.43,0.428,0.421,0.428,0.405,1.023,0.827,0.808,0.845,0.829,0.732,0.751,0.751,0.798,0.713,0.687,0.699,0.654,0.658,0.663,0.804,0.845,0.808,0.858,0.785,0.722,0.796,0.661,0.68,0.674,0.674,0.688,0.672,0.677,0.65,555
0.792,0.803,0.766,0.725,0.7,0.405,0.34,0.342,0.33,0.343,0.244,0.214,0.228,0.244,0.211,0.762,0.754,0.764,0.761,0.715,0.607,0.595,0.568,0.578,0.591,0.449,0.456,0.441,0.456,0.436,1,0.833,0.787,0.826,0.815,0.734,0.747,0.754,0.79,0.715,0.706,0.715,0.655,0.668,0.669,0.804,0.858,0.822,0.851,0.791,0.737,0.81,0.675,0.678,0.667,0.69,0.713,0.681,0.689,0.667,570
0.778,0.792,0.762,0.72,0.694,0.432,0.372,0.361,0.357,0.359,0.256,0.22,0.232,0.244,0.211,0.762,0.767,0.77,0.777,0.734,0.619,0.625,0.586,0.596,0.615,0.455,0.451,0.457,0.474,0.454,1.028,0.802,0.801,0.819,0.792,0.732,0.75,0.75,0.803,0.725,0.691,0.705,0.667,0.67,0.682,0.776,0.827,0.806,0.831,0.77,0.737,0.829,0.667,0.692,0.697,0.674,0.715,0.682,0.699,0.662,585
0.792,0.802,0.782,0.732,0.719,0.46,0.395,0.378,0.378,0.358,0.261,0.228,0.226,0.274,0.22,0.797,0.792,0.786,0.783,0.738,0.625,0.626,0.592,0.611,0.621,0.478,0.475,0.483,0.495,0.474,1.028,0.824,0.777,0.814,0.784,0.741,0.749,0.765,0.804,0.725,0.715,0.729,0.66,0.678,0.683,0.808,0.843,0.823,0.846,0.778,0.755,0.822,0.666,0.697,0.702,0.699,0.724,0.691,0.689,0.661,600
0.809,0.826,0.795,0.75,0.724,0.507,0.44,0.399,0.401,0.426,0.265,0.234,0.231,0.252,0.223,0.787,0.787,0.785,0.79,0.747,0.632,0.645,0.621,0.63,0.625,0.516,0.497,0.512,0.505,0.506,1.051,0.826,0.827,0.867,0.803,0.756,0.752,0.754,0.804,0.733,0.698,0.723,0.676,0.693,0.699,0.824,0.853,0.814,0.849,0.794,0.763,0.836,0.674,0.7,0.684,0.713,0.757,0.713,0.715,0.68,615
0.815,0.82,0.799,0.764,0.725,0.552,0.479,0.43,0.433,0.464,0.273,0.251,0.247,0.263,0.229,0.802,0.789,0.786,0.793,0.747,0.646,0.645,0.619,0.631,0.64,0.512,0.509,0.504,0.524,0.514,1.048,0.835,0.813,0.83,0.79,0.756,0.761,0.766,0.817,0.744,0.72,0.733,0.674,0.689,0.705,0.822,0.843,0.816,0.843,0.771,0.74,0.823,0.685,0.7,0.692,0.729,0.739,0.714,0.706,0.686,630
0.827,0.823,0.822,0.779,0.743,0.575,0.496,0.462,0.453,0.511,0.291,0.26,0.256,0.281,0.236,0.785,0.794,0.802,0.81,0.766,0.663,0.649,0.637,0.658,0.658,0.559,0.557,0.546,0.547,0.536,1.082,0.808,0.781,0.804,0.776,0.755,0.755,0.76,0.805,0.729,0.715,0.734,0.673,0.688,0.705,0.794,0.879,0.833,0.885,0.82,0.781,0.836,0.698,0.705,0.703,0.738,0.753,0.716,0.723,0.69,645
0.833,0.84,0.82,0.785,0.744,0.612,0.546,0.487,0.488,0.537,0.292,0.266,0.263,0.28,0.246,0.791,0.795,0.795,0.801,0.779,0.659,0.661,0.645,0.662,0.663,0.575,0.564,0.55,0.559,0.547,1.068,0.819,0.773,0.798,0.779,0.745,0.754,0.762,0.801,0.747,0.718,0.73,0.68,0.688,0.708,0.805,0.851,0.816,0.841,0.78,0.777,0.827,0.685,0.703,0.701,0.747,0.759,0.742,0.714,0.697,660
0.822,0.834,0.816,0.79,0.749,0.622,0.554,0.508,0.513,0.551,0.309,0.277,0.275,0.294,0.253,0.794,0.796,0.805,0.813,0.794,0.671,0.67,0.652,0.677,0.661,0.589,0.588,0.574,0.576,0.555,1.07,0.805,0.769,0.803,0.773,0.754,0.772,0.766,0.826,0.746,0.723,0.749,0.682,0.693,0.704,0.789,0.877,0.822,0.847,0.798,0.756,0.864,0.68,0.708,0.701,0.735,0.786,0.732,0.731,0.705,675
0.826,0.841,0.807,0.796,0.754,0.629,0.57,0.512,0.529,0.564,0.317,0.287,0.284,0.306,0.261,0.798,0.796,0.826,0.815,0.796,0.668,0.67,0.671,0.688,0.669,0.607,0.61,0.599,0.595,0.564,1.076,0.811,0.777,0.8,0.753,0.763,0.762,0.763,0.811,0.74,0.728,0.743,0.687,0.696,0.706,0.797,0.855,0.835,0.874,0.799,0.748,0.86,0.691,0.703,0.715,0.741,0.789,0.749,0.733,0.701,690
0.821,0.843,0.805,0.792,0.75,0.637,0.576,0.527,0.526,0.577,0.325,0.309,0.289,0.314,0.269,0.813,0.805,0.834,0.823,0.817,0.678,0.678,0.679,0.7,0.683,0.633,0.629,0.615,0.613,0.593,1.087,0.787,0.762,0.783,0.766,0.749,0.764,0.764,0.813,0.737,0.719,0.744,0.686,0.693,0.709,0.816,0.887,0.87,0.877,0.81,0.772,0.854,0.689,0.704,0.715,0.757,0.798,0.759,0.739,0.722,705
0.861,0.858,0.86,0.823,0.766,0.662,0.599,0.565,0.549,0.593,0.346,0.324,0.301,0.318,0.285,0.812,0.805,0.816,0.828,0.814,0.674,0.678,0.672,0.688,0.674,0.643,0.621,0.619,0.617,0.59,1.113,0.824,0.793,0.83,0.789,0.77,0.766,0.764,0.804,0.747,0.729,0.752,0.691,0.698,0.71,0.814,0.895,0.853,0.883,0.806,0.786,0.875,0.695,0.709,0.707,0.763,0.82,0.762,0.754,0.715,720
0.853,0.855,0.852,0.834,0.786,0.674,0.6,0.57,0.565,0.601,0.364,0.342,0.306,0.334,0.3,0.808,0.81,0.814,0.825,0.809,0.694,0.674,0.694,0.7,0.695,0.663,0.639,0.635,0.633,0.612,1.137,0.819,0.787,0.818,0.775,0.77,0.766,0.779,0.802,0.759,0.723,0.748,0.7,0.697,0.709,0.785,0.871,0.862,0.865,0.813,0.766,0.858,0.71,0.719,0.709,0.751,0.809,0.731,0.744,0.723,735
0.851,0.853,0.855,0.826,0.782,0.684,0.613,0.577,0.587,0.614,0.377,0.356,0.33,0.362,0.322,0.819,0.798,0.838,0.834,0.814,0.683,0.679,0.684,0.707,0.682,0.651,0.635,0.633,0.625,0.621,1.139,0.802,0.788,0.812,0.772,0.766,0.757,0.768,0.808,0.744,0.722,0.751,0.693,0.694,0.707,0.792,0.883,0.812,0.841,0.791,0.749,0.841,0.709,0.718,0.708,0.759,0.803,0.743,0.743,0.73,750
0.839,0.848,0.844,0.826,0.763,0.678,0.61,0.587,0.589,0.621,0.4,0.377,0.357,0.372,0.335,0.824,0.807,0.843,0.837,0.825,0.684,0.688,0.687,0.708,0.691,0.653,0.643,0.644,0.655,0.635,1.127,0.766,0.747,0.758,0.757,0.758,0.773,0.786,0.813,0.752,0.724,0.747,0.694,0.701,0.712,0.812,0.871,0.823,0.862,0.809,0.774,0.867,0.713,0.708,0.712,0.749,0.827,0.744,0.744,0.72,765
0.835,0.859,0.86,0.838,0.784,0.69,0.624,0.581,0.61,0.61,0.424,0.401,0.37,0.42,0.362,0.828,0.812,0.846,0.84,0.838,0.693,0.694,0.692,0.707,0.694,0.676,0.664,0.657,0.653,0.638,1.133,0.763,0.744,0.761,0.765,0.762,0.759,0.786,0.807,0.754,0.732,0.75,0.689,0.691,0.701,0.823,0.914,0.861,0.887,0.823,0.783,0.889,0.714,0.708,0.711,0.749,0.848,0.789,0.777,0.736,780
0.842,0.847,0.847,0.838,0.771,0.686,0.624,0.6,0.607,0.631,0.453,0.432,0.4,0.42,0.384,0.828,0.811,0.855,0.844,0.833,0.695,0.694,0.691,0.714,0.696,0.68,0.662,0.676,0.665,0.645,1.14,0.795,0.769,0.789,0.753,0.76,0.772,0.789,0.802,0.748,0.731,0.755,0.692,0.705,0.707,0.83,0.865,0.825,0.857,0.801,0.772,0.859,0.723,0.712,0.702,0.753,0.841,0.772,0.76,0.736,795
0.832,0.836,0.848,0.825,0.768,0.69,0.617,0.604,0.613,0.639,0.482,0.46,0.424,0.448,0.412,0.821,0.822,0.853,0.832,0.826,0.684,0.69,0.696,0.713,0.702,0.672,0.669,0.673,0.667,0.643,1.149,0.788,0.758,0.773,0.743,0.762,0.759,0.797,0.81,0.758,0.73,0.746,0.695,0.702,0.708,0.794,0.873,0.849,0.891,0.817,0.779,0.867,0.72,0.709,0.722,0.76,0.833,0.771,0.761,0.729,810
0.853,0.848,0.852,0.827,0.773,0.7,0.625,0.613,0.629,0.648,0.501,0.491,0.455,0.481,0.441,0.836,0.819,0.868,0.863,0.841,0.694,0.695,0.699,0.709,0.696,0.692,0.694,0.693,0.682,0.657,1.16,0.769,0.741,0.75,0.744,0.773,0.761,0.776,0.793,0.761,0.726,0.748,0.696,0.689,0.712,0.812,0.855,0.858,0.909,0.802,0.789,0.873,0.742,0.701,0.705,0.76,0.844,0.792,0.769,0.759,825
0.843,0.846,0.864,0.844,0.795,0.708,0.64,0.623,0.628,0.646,0.529,0.514,0.474,0.49,0.46,0.837,0.817,0.847,0.846,0.811,0.703,0.692,0.703,0.711,0.704,0.691,0.685,0.682,0.682,0.652,1.183,0.792,0.747,0.757,0.756,0.777,0.77,0.792,0.794,0.737,0.736,0.753,0.697,0.697,0.698,0.809,0.854,0.851,0.908,0.819,0.779,0.882,0.718,0.718,0.702,0.761,0.862,0.776,0.774,0.744,840
0.829,0.843,0.844,0.821,0.762,0.69,0.625,0.61,0.631,0.648,0.547,0.542,0.493,0.514,0.475,0.855,0.826,0.872,0.871,0.837,0.715,0.698,0.712,0.718,0.695,0.715,0.705,0.685,0.701,0.661,1.157,0.759,0.772,0.758,0.758,0.781,0.755,0.764,0.781,0.738,0.727,0.756,0.702,0.676,0.705,0.77,0.837,0.838,0.87,0.814,0.776,0.864,0.711,0.703,0.701,0.731,0.83,0.755,0.739,0.729,855
0.83,0.837,0.856,0.811,0.772,0.719,0.648,0.617,0.641,0.643,0.561,0.553,0.509,0.554,0.499,0.86,0.817,0.867,0.873,0.83,0.707,0.702,0.705,0.713,0.703,0.705,0.712,0.693,0.697,0.657,1.148,0.779,0.747,0.745,0.773,0.773,0.739,0.764,0.775,0.753,0.747,0.751,0.691,0.676,0.693,0.78,0.878,0.829,0.888,0.816,0.767,0.886,0.712,0.717,0.706,0.72,0.812,0.751,0.737,0.742,870
0.826,0.847,0.842,0.806,0.767,0.718,0.645,0.622,0.636,0.658,0.568,0.559,0.529,0.56,0.512,0.842,0.837,0.858,0.864,0.819,0.698,0.69,0.687,0.723,0.708,0.697,0.71,0.703,0.709,0.661,1.165,0.767,0.748,0.782,0.756,0.768,0.743,0.769,0.783,0.739,0.738,0.744,0.693,0.686,0.7,0.82,0.857,0.822,0.886,0.82,0.762,0.861,0.74,0.706,0.685,0.786,0.863,0.785,0.797,0.773,885
0.819,0.839,0.833,0.811,0.772,0.704,0.657,0.629,0.645,0.667,0.588,0.578,0.537,0.555,0.515,0.856,0.838,0.877,0.873,0.832,0.7,0.702,0.692,0.722,0.698,0.713,0.712,0.718,0.711,0.68,1.167,0.772,0.746,0.749,0.751,0.755,0.752,0.77,0.8,0.744,0.741,0.753,0.686,0.684,0.703,0.808,0.85,0.83,0.876,0.806,0.767,0.855,0.736,0.708,0.696,0.755,0.829,0.74,0.769,0.751,900
0.862,0.868,0.86,0.833,0.798,0.724,0.656,0.629,0.649,0.671,0.616,0.605,0.557,0.583,0.528,0.856,0.845,0.866,0.863,0.819,0.703,0.701,0.701,0.714,0.712,0.704,0.706,0.712,0.71,0.67,1.183,0.806,0.769,0.769,0.771,0.784,0.749,0.774,0.79,0.75,0.742,0.757,0.708,0.7,0.7,0.801,0.848,0.855,0.901,0.821,0.763,0.877,0.724,0.699,0.696,0.761,0.862,0.788,0.794,0.751,915
0.789,0.797,0.817,0.773,0.748,0.707,0.643,0.634,0.65,0.669,0.605,0.598,0.555,0.586,0.533,0.864,0.834,0.882,0.872,0.822,0.728,0.696,0.704,0.721,0.713,0.72,0.71,0.714,0.714,0.683,1.149,0.769,0.748,0.76,0.756,0.773,0.733,0.767,0.779,0.752,0.727,0.74,0.704,0.684,0.703,0.851,0.875,0.831,0.884,0.818,0.754,0.854,0.723,0.703,0.688,0.748,0.82,0.749,0.769,0.747,930
0.814,0.841,0.845,0.834,0.782,0.713,0.646,0.639,0.653,0.673,0.629,0.621,0.596,0.619,0.565,0.861,0.846,0.88,0.873,0.809,0.713,0.698,0.706,0.719,0.709,0.721,0.716,0.719,0.72,0.683,1.179,0.787,0.754,0.762,0.772,0.784,0.752,0.786,0.799,0.76,0.733,0.736,0.695,0.696,0.696,0.814,0.866,0.846,0.901,0.806,0.768,0.881,0.721,0.704,0.686,0.789,0.865,0.814,0.805,0.768,945
0.773,0.778,0.796,0.772,0.739,0.73,0.663,0.641,0.649,0.67,0.639,0.623,0.593,0.609,0.559,0.852,0.841,0.864,0.87,0.823,0.7,0.692,0.701,0.717,0.71,0.716,0.717,0.716,0.716,0.689,1.146,0.792,0.751,0.757,0.761,0.759,0.736,0.772,0.783,0.755,0.731,0.737,0.687,0.685,0.701,0.816,0.856,0.821,0.874,0.807,0.754,0.865,0.716,0.696,0.697,0.735,0.833,0.752,0.754,0.733,960
0.815,0.833,0.821,0.788,0.748,0.734,0.663,0.636,0.662,0.675,0.665,0.65,0.614,0.633,0.586,0.866,0.853,0.862,0.875,0.824,0.712,0.707,0.705,0.726,0.714,0.732,0.724,0.72,0.725,0.675,1.161,0.8,0.765,0.773,0.77,0.767,0.736,0.776,0.786,0.731,0.734,0.739,0.691,0.686,0.693,0.799,0.871,0.829,0.886,0.809,0.75,0.868,0.711,0.708,0.698,0.741,0.853,0.789,0.759,0.714,975
0.776,0.789,0.805,0.774,0.741,0.73,0.649,0.636,0.652,0.687,0.648,0.626,0.611,0.62,0.582,0.849,0.84,0.875,0.878,0.82,0.71,0.705,0.698,0.719,0.709,0.72,0.717,0.722,0.727,0.69,1.117,0.791,0.774,0.781,0.785,0.761,0.722,0.765,0.764,0.747,0.735,0.745,0.672,0.689,0.692,0.788,0.842,0.841,0.899,0.82,0.755,0.88,0.723,0.694,0.687,0.766,0.886,0.811,0.798,0.763,990
0.765,0.767,0.793,0.764,0.744,0.697,0.631,0.645,0.661,0.69,0.644,0.634,0.614,0.647,0.595,0.869,0.833,0.864,0.865,0.817,0.715,0.698,0.698,0.714,0.709,0.734,0.72,0.731,0.73,0.687,1.125,0.803,0.776,0.781,0.775,0.753,0.722,0.763,0.771,0.748,0.726,0.749,0.693,0.673,0.706,0.806,0.844,0.807,0.857,0.787,0.761,0.869,0.702,0.705,0.701,0.757,0.847,0.776,0.793,0.74,1005
0.748,0.755,0.781,0.778,0.744,0.728,0.645,0.649,0.66,0.689,0.667,0.653,0.626,0.655,0.605,0.85,0.847,0.857,0.863,0.818,0.699,0.69,0.691,0.708,0.714,0.705,0.717,0.713,0.721,0.689,1.141,0.8,0.772,0.77,0.765,0.748,0.72,0.763,0.761,0.753,0.727,0.736,0.696,0.677,0.701,0.769,0.834,0.868,0.899,0.801,0.755,0.867,0.703,0.704,0.691,0.722,0.858,0.805,0.793,0.737,1020
0.759,0.775,0.807,0.795,0.765,0.72,0.637,0.642,0.669,0.695,0.667,0.666,0.628,0.655,0.607,0.845,0.844,0.853,0.859,0.809,0.708,0.69,0.698,0.713,0.712,0.727,0.716,0.717,0.721,0.691,1.147,0.814,0.79,0.79,0.782,0.738,0.714,0.758,0.761,0.749,0.719,0.728,0.676,0.672,0.685,0.806,0.876,0.845,0.897,0.797,0.763,0.904,0.732,0.743,0.699,0.777,0.881,0.801,0.83,0.769,1035
0.763,0.772,0.789,0.783,0.757,0.731,0.652,0.651,0.66,0.687,0.668,0.658,0.623,0.651,0.619,0.854,0.826,0.866,0.854,0.812,0.705,0.698,0.703,0.724,0.716,0.734,0.724,0.723,0.731,0.683,1.132,0.811,0.785,0.795,0.778,0.731,0.702,0.756,0.757,0.747,0.714,0.724,0.69,0.676,0.684,0.78,0.846,0.814,0.853,0.8,0.752,0.881,0.692,0.699,0.682,0.756,0.835,0.781,0.777,0.735,1050
0.758,0.772,0.805,0.798,0.772,0.736,0.658,0.652,0.664,0.7,0.672,0.666,0.638,0.653,0.62,0.858,0.822,0.868,0.851,0.805,0.703,0.697,0.711,0.716,0.713,0.745,0.727,0.732,0.737,0.697,1.145,0.811,0.785,0.791,0.775,0.735,0.708,0.754,0.762,0.749,0.714,0.721,0.675,0.676,0.693,0.785,0.842,0.808,0.855,0.789,0.75,0.892,0.698,0.708,0.697,0.78,0.859,0.765,0.815,0.751,1065
0.732,0.716,0.767,0.781,0.761,0.723,0.655,0.651,0.664,0.708,0.663,0.666,0.64,0.666,0.625,0.85,0.839,0.856,0.855,0.798,0.704,0.683,0.688,0.708,0.713,0.72,0.712,0.731,0.728,0.698,1.121,0.807,0.764,0.772,0.768,0.723,0.693,0.742,0.747,0.733,0.679,0.726,0.666,0.66,0.677,0.777,0.844,0.811,0.862,0.788,0.747,0.87,0.695,0.71,0.672,0.729,0.862,0.771,0.79,0.72,1080
0.757,0.79,0.807,0.792,0.765,0.75,0.654,0.656,0.682,0.703,0.682,0.676,0.645,0.668,0.627,0.859,0.82,0.838,0.846,0.8,0.704,0.686,0.696,0.704,0.708,0.725,0.713,0.737,0.729,0.683,1.129,0.814,0.785,0.798,0.781,0.728,0.7,0.748,0.751,0.733,0.708,0.72,0.708,0.676,0.683,0.807,0.87,0.81,0.881,0.793,0.75,0.874,0.691,0.693,0.685,0.784,0.846,0.793,0.818,0.776,1095
0.767,0.783,0.811,0.798,0.775,0.732,0.656,0.663,0.672,0.708,0.687,0.676,0.644,0.665,0.63,0.858,0.836,0.865,0.853,0.82,0.699,0.695,0.69,0.709,0.706,0.737,0.723,0.743,0.735,0.698,1.13,0.823,0.79,0.801,0.788,0.722,0.702,0.748,0.751,0.732,0.701,0.718,0.661,0.678,0.692,0.769,0.826,0.833,0.875,0.801,0.744,0.874,0.708,0.699,0.69,0.758,0.857,0.764,0.806,0.718,1110
0.776,0.768,0.788,0.764,0.765,0.739,0.663,0.66,0.667,0.698,0.673,0.661,0.639,0.647,0.627,0.873,0.842,0.863,0.855,0.792,0.709,0.697,0.704,0.713,0.713,0.735,0.727,0.73,0.736,0.688,1.102,0.831,0.791,0.802,0.797,0.721,0.686,0.744,0.738,0.728,0.708,0.722,0.681,0.662,0.689,0.772,0.822,0.806,0.846,0.769,0.734,0.846,0.686,0.675,0.67,0.78,0.848,0.773,0.792,0.746,1125
0.774,0.798,0.814,0.809,0.781,0.735,0.646,0.652,0.668,0.704,0.678,0.677,0.654,0.67,0.64,0.863,0.841,0.854,0.853,0.79,0.703,0.693,0.69,0.711,0.698,0.732,0.721,0.739,0.739,0.696,1.131,0.83,0.797,0.807,0.776,0.726,0.696,0.734,0.744,0.726,0.713,0.721,0.68,0.68,0.698,0.771,0.823,0.797,0.845,0.765,0.743,0.88,0.704,0.712,0.684,0.781,0.855,0.747,0.797,0.777,1140
0.795,0.798,0.811,0.793,0.782,0.736,0.653,0.655,0.671,0.699,0.686,0.679,0.655,0.665,0.645,0.837,0.793,0.839,0.826,0.763,0.699,0.701,0.7,0.714,0.699,0.738,0.72,0.73,0.744,0.691,1.135,0.83,0.805,0.817,0.79,0.708,0.685,0.739,0.738,0.713,0.713,0.712,0.672,0.671,0.686,0.76,0.808,0.792,0.84,0.766,0.708,0.801,0.679,0.667,0.656,0.795,0.806,0.76,0.781,0.766,1155
0.778,0.777,0.798,0.752,0.759,0.749,0.654,0.661,0.655,0.698,0.676,0.67,0.651,0.667,0.638,0.845,0.819,0.858,0.844,0.778,0.691,0.699,0.701,0.71,0.701,0.742,0.719,0.737,0.741,0.699,1.117,0.838,0.812,0.825,0.79,0.724,0.682,0.735,0.732,0.715,0.711,0.724,0.684,0.658,0.683,0.75,0.798,0.781,0.834,0.753,0.721,0.853,0.678,0.686,0.662,0.813,0.814,0.727,0.775,0.769,1170
0.783,0.781,0.809,0.813,0.779,0.726,0.639,0.657,0.671,0.703,0.696,0.684,0.668,0.692,0.65,0.843,0.804,0.811,0.817,0.756,0.696,0.691,0.69,0.705,0.709,0.727,0.727,0.729,0.733,0.694,1.108,0.82,0.797,0.802,0.782,0.705,0.686,0.731,0.729,0.718,0.665,0.694,0.647,0.668,0.693,0.768,0.784,0.788,0.816,0.739,0.722,0.838,0.687,0.677,0.659,0.79,0.781,0.726,0.739,0.74,1185
0.783,0.777,0.799,0.755,0.754,0.717,0.653,0.662,0.653,0.717,0.682,0.663,0.645,0.653,0.636,0.854,0.807,0.832,0.83,0.762,0.689,0.687,0.696,0.699,0.701,0.731,0.713,0.735,0.731,0.687,1.116,0.84,0.813,0.812,0.792,0.703,0.676,0.723,0.721,0.715,0.698,0.703,0.66,0.649,0.683,0.784,0.808,0.789,0.83,0.763,0.717,0.825,0.668,0.676,0.663,0.762,0.813,0.74,0.768,0.738,1200
0.807,0.802,0.802,0.773,0.771,0.744,0.665,0.665,0.662,0.715,0.69,0.679,0.652,0.665,0.642,0.853,0.803,0.842,0.838,0.772,0.687,0.678,0.681,0.701,0.695,0.725,0.723,0.733,0.734,0.691,1.092,0.811,0.785,0.805,0.782,0.694,0.672,0.704,0.721,0.705,0.7,0.701,0.665,0.674,0.679,0.762,0.797,0.782,0.825,0.755,0.702,0.817,0.673,0.666,0.653,0.765,0.789,0.718,0.752,0.729,1215
0.795,0.798,0.795,0.789,0.774,0.748,0.668,0.672,0.674,0.723,0.706,0.696,0.664,0.683,0.645,0.847,0.812,0.826,0.825,0.754,0.692,0.679,0.681,0.699,0.7,0.721,0.714,0.731,0.734,0.694,1.08,0.809,0.792,0.796,0.781,0.692,0.659,0.716,0.715,0.7,0.682,0.712,0.711,0.675,0.683,0.756,0.789,0.785,0.822,0.749,0.71,0.838,0.665,0.666,0.651,0.803,0.81,0.745,0.778,0.74,1230
0.787,0.781,0.782,0.746,0.744,0.744,0.656,0.661,0.657,0.701,0.678,0.673,0.645,0.664,0.646,0.824,0.791,0.81,0.796,0.755,0.689,0.676,0.677,0.699,0.692,0.722,0.713,0.732,0.73,0.679,1.086,0.817,0.793,0.809,0.788,0.691,0.662,0.712,0.718,0.705,0.688,0.705,0.674,0.654,0.683,0.767,0.775,0.776,0.802,0.75,0.716,0.81,0.674,0.653,0.642,0.733,0.743,0.705,0.721,0.722,1245
0.763,0.77,0.794,0.771,0.765,0.742,0.661,0.673,0.682,0.688,0.689,0.682,0.652,0.68,0.641,0.838,0.798,0.821,0.814,0.755,0.678,0.678,0.679,0.697,0.697,0.717,0.71,0.735,0.736,0.695,1.087,0.845,0.807,0.823,0.808,0.688,0.654,0.709,0.7,0.692,0.698,0.698,0.663,0.644,0.667,0.728,0.767,0.767,0.821,0.754,0.688,0.776,0.661,0.646,0.637,0.73,0.788,0.717,0.742,0.712,1260
0.809,0.802,0.811,0.792,0.767,0.756,0.668,0.668,0.672,0.723,0.709,0.688,0.668,0.672,0.641,0.842,0.796,0.81,0.813,0.766,0.69,0.683,0.686,0.696,0.692,0.731,0.718,0.739,0.737,0.692,1.087,0.824,0.795,0.802,0.792,0.668,0.645,0.697,0.685,0.684,0.676,0.684,0.675,0.663,0.675,0.728,0.768,0.776,0.826,0.754,0.704,0.793,0.668,0.65,0.64,0.744,0.742,0.692,0.72,0.693,1275
0.805,0.8,0.819,0.804,0.787,0.747,0.656,0.683,0.675,0.708,0.693,0.692,0.666,0.686,0.641,0.831,0.803,0.824,0.798,0.754,0.678,0.672,0.684,0.692,0.683,0.719,0.717,0.716,0.73,0.675,1.078,0.813,0.794,0.805,0.779,0.663,0.643,0.695,0.692,0.701,0.664,0.678,0.633,0.643,0.68,0.761,0.745,0.771,0.813,0.741,0.694,0.797,0.665,0.646,0.636,0.703,0.751,0.695,0.707,0.703,1290
0.808,0.801,0.81,0.782,0.76,0.756,0.666,0.692,0.673,0.719,0.701,0.694,0.668,0.675,0.65,0.812,0.777,0.79,0.774,0.753,0.674,0.67,0.669,0.685,0.687,0.71,0.71,0.73,0.732,0.674,1.076,0.814,0.79,0.801,0.783,0.668,0.64,0.698,0.691,0.684,0.668,0.696,0.662,0.657,0.682,0.722,0.748,0.773,0.806,0.737,0.69,0.772,0.654,0.632,0.629,0.73,0.781,0.691,0.727,0.695,1305
0.771,0.772,0.796,0.762,0.766,0.742,0.654,0.683,0.67,0.701,0.689,0.68,0.654,0.665,0.645,0.817,0.775,0.784,0.782,0.737,0.671,0.668,0.684,0.692,0.678,0.73,0.724,0.731,0.737,0.684,1.065,0.816,0.797,0.799,0.785,0.669,0.633,0.682,0.678,0.675,0.67,0.667,0.649,0.644,0.664,0.719,0.728,0.767,0.8,0.724,0.677,0.758,0.65,0.626,0.62,0.684,0.724,0.668,0.7,0.67,1320
0.774,0.774,0.788,0.786,0.757,0.743,0.654,0.677,0.661,0.706,0.695,0.68,0.656,0.674,0.643,0.825,0.804,0.804,0.781,0.75,0.683,0.675,0.667,0.686,0.676,0.731,0.723,0.724,0.727,0.677,1.076,0.833,0.82,0.808,0.802,0.672,0.631,0.691,0.684,0.661,0.661,0.674,0.655,0.632,0.649,0.718,0.714,0.741,0.781,0.72,0.691,0.776,0.653,0.639,0.613,0.693,0.741,0.675,0.712,0.675,1335
0.789,0.781,0.797,0.758,0.752,0.74,0.668,0.677,0.666,0.701,0.7,0.683,0.661,0.673,0.644,0.806,0.791,0.805,0.79,0.769,0.657,0.664,0.674,0.689,0.679,0.725,0.718,0.731,0.738,0.69,1.058,0.803,0.788,0.789,0.778,0.659,0.629,0.682,0.673,0.668,0.66,0.664,0.66,0.632,0.665,0.755,0.707,0.727,0.749,0.719,0.684,0.746,0.649,0.619,0.614,0.665,0.694,0.65,0.664,0.648,1350
0.764,0.763,0.795,0.779,0.754,0.731,0.656,0.686,0.663,0.708,0.711,0.696,0.672,0.669,0.639,0.794,0.781,0.775,0.772,0.756,0.675,0.676,0.662,0.679,0.672,0.725,0.719,0.72,0.738,0.682,1.061,0.818,0.806,0.804,0.788,0.657,0.619,0.676,0.664,0.656,0.664,0.67,0.673,0.627,0.659,0.701,0.713,0.752,0.758,0.708,0.663,0.732,0.635,0.607,0.602,0.685,0.691,0.644,0.662,0.635,1365
0.759,0.771,0.816,0.785,0.788,0.743,0.674,0.678,0.662,0.695,0.702,0.676,0.667,0.693,0.654,0.8,0.789,0.776,0.771,0.754,0.667,0.663,0.676,0.68,0.67,0.754,0.718,0.733,0.729,0.682,1.033,0.8,0.791,0.799,0.791,0.643,0.611,0.666,0.651,0.653,0.66,0.658,0.632,0.608,0.645,0.669,0.689,0.711,0.742,0.706,0.654,0.698,0.625,0.594,0.605,0.63,0.662,0.628,0.648,0.621,1380
0.778,0.771,0.799,0.772,0.752,0.73,0.653,0.684,0.663,0.703,0.699,0.694,0.656,0.663,0.65,0.808,0.806,0.791,0.789,0.766,0.677,0.662,0.672,0.672,0.666,0.714,0.716,0.726,0.73,0.671,1.037,0.794,0.79,0.789,0.776,0.643,0.608,0.672,0.653,0.645,0.643,0.653,0.649,0.622,0.667,0.688,0.702,0.735,0.734,0.684,0.659,0.728,0.633,0.6,0.605,0.653,0.668,0.629,0.636,0.614,1395
0.772,0.766,0.79,0.754,0.742,0.732,0.645,0.67,0.655,0.705,0.699,0.693,0.655,0.663,0.645,0.795,0.773,0.762,0.765,0.743,0.664,0.657,0.661,0.674,0.668,0.725,0.707,0.717,0.728,0.682,1.035,0.796,0.79,0.793,0.779,0.637,0.612,0.663,0.652,0.651,0.64,0.67,0.673,0.619,0.676,0.678,0.688,0.751,0.738,0.693,0.653,0.717,0.617,0.594,0.595,0.663,0.683,0.627,0.656,0.617,1410
0.792,0.784,0.811,0.777,0.771,0.728,0.637,0.681,0.652,0.696,0.693,0.678,0.661,0.647,0.632,0.78,0.767,0.768,0.762,0.749,0.658,0.662,0.66,0.677,0.664,0.724,0.716,0.734,0.731,0.691,1.097,0.88,0.916,0.932,0.909,0.678,0.652,0.726,0.747,0.759,0.667,0.694,0.681,0.7,0.739,0.668,0.683,0.715,0.732,0.687,0.637,0.692,0.615,0.582,0.583,0.643,0.658,0.615,0.643,0.593,1425
0.776,0.762,0.787,0.744,0.75,0.711,0.637,0.672,0.643,0.696,0.7,0.692,0.649,0.656,0.642,0.786,0.779,0.764,0.775,0.745,0.658,0.649,0.655,0.661,0.662,0.711,0.707,0.711,0.714,0.671,1.028,0.794,0.793,0.787,0.775,0.641,0.609,0.663,0.653,0.647,0.646,0.649,0.643,0.599,0.655,0.674,0.678,0.699,0.75,0.69,0.637,0.69,0.615,0.58,0.583,0.654,0.655,0.604,0.635,0.591,1440
