sample,k,n0,r,t_mid,t_gen,auc_l,auc_e,sigma,note,group,Fold.doubling,AVERAGE-tgen,Fold.growth,AVERAGE-r
IF2.WT.1.1,1.272973331,0.002340644,0.513910328,12.25280705,1.348770676,15.37860937,15.18983333,0.042139184,,IF2-WT,0.984344151,1.370222675,1.014503886,0.506563193
IF2.WT.1.2,1.231422093,0.001783222,0.53958413,12.11313256,1.284595194,15.0480397,14.89133333,0.036238321,,IF2-WT,0.937508347,1.370222675,1.065186214,0.506563193
IF2.WT.2.1,1.230209742,0.003769161,0.501693302,11.53098702,1.381615376,15.74602579,15.58983333,0.039348422,,IF2-WT,1.008314489,1.370222675,0.99038641,0.506563193
IF2.WT.2.2,1.266353824,0.004040189,0.491660868,11.68368362,1.409807503,16.01582365,15.84616667,0.043253218,,IF2-WT,1.028889339,1.370222675,0.970581508,0.506563193
IF2.WT.3.1,1.264960495,0.005826001,0.485967337,11.0621611,1.426324626,16.77960589,16.62466667,0.040821987,,IF2-WT,1.040943674,1.370222675,0.959341981,0.506563193
IF2.DSM5456.1.1,1.339526456,0.007497533,0.492358515,10.52055432,1.407809878,18.49033829,18.2545,0.053030984,,IF2-DSM5456,1.027431456,1.370222675,0.971958723,0.506563193
IF2.DSM5456.1.2,1.307385893,0.007808199,0.483610041,10.57591834,1.433277065,17.97354097,17.7575,0.051341401,,IF2-DSM5456,1.046017623,1.370222675,0.954688473,0.506563193
IF2.DSM5456.2.1,1.283228225,0.002496724,0.508668154,12.26773722,1.362670683,15.48344496,15.26883333,0.045995321,,IF2-DSM5456,0.994488493,1.370222675,1.004155376,0.506563193
IF2.DSM5456.2.2,1.375063453,0.003060631,0.500270343,12.20421278,1.385545215,16.67854458,16.48766667,0.046526665,,IF2-DSM5456,1.011182519,1.370222675,0.987577365,0.506563193
IF2.DSM5456.3.1,1.351515556,0.00775875,0.498373069,10.34245949,1.390819897,18.89581083,18.66466667,0.052355153,,IF2-DSM5456,1.015032025,1.370222675,0.983831979,0.506563193
IF2.DSM15908.1.1,1.301272365,0.00470091,0.525906942,10.6857736,1.318003482,17.75212639,17.54033333,0.049415207,,IF2-DSM15908,0.961889995,1.370222675,1.03818625,0.506563193
IF2.DSM15908.1.2,1.331293827,0.005914619,0.494799661,10.93781422,1.4008643,17.82494812,17.59733333,0.049399032,,IF2-DSM15908,1.022362515,1.370222675,0.976777759,0.506563193
IF2.DSM15908.2.1,1.290451683,0.004871666,0.512418408,10.88081373,1.352697657,17.35285504,17.14316667,0.047791797,,IF2-DSM15908,0.987210095,1.370222675,1.011558706,0.506563193
IF2.DSM15908.2.2,1.421571654,0.005807858,0.501772188,10.95360141,1.381398168,19.01208743,18.78,0.052827957,,IF2-DSM15908,1.008155968,1.370222675,0.990542136,0.506563193
IF2.DSM15908.3.1,1.269018296,0.002087512,0.536725278,11.93977647,1.291437554,15.72680953,15.52733333,0.046344157,,IF2-DSM15908,0.942501958,1.370222675,1.059542591,0.506563193
IF2.H.salinum.1.1,1.365810342,0.004477758,0.500691322,11.41840618,1.384380257,17.63462126,17.41116667,0.050244671,,IF2-H-salinum,1.010332322,1.370222675,0.988408413,0.506563193
IF2.H.salinum.1.2,1.333164079,0.00380962,0.507933959,11.52693022,1.364640359,17.06944983,16.86183333,0.04777875,,IF2-H-salinum,0.995925979,1.370222675,1.002706012,0.506563193
IF2.H.salinum.2.1,1.352160552,0.004973328,0.490224101,11.42678387,1.41393942,17.44648849,17.2095,0.051654997,,IF2-H-salinum,1.031904847,1.370222675,0.967745204,0.506563193
IF2.H.salinum.2.2,1.350918526,0.004218203,0.510110168,11.30344759,1.358818593,17.59746803,17.39783333,0.045603892,,IF2-H-salinum,0.991677206,1.370222675,1.007002038,0.506563193
IF2.H.salinum.3.1,1.365147371,0.002568222,0.530382805,11.82904267,1.306880944,17.06874149,16.8695,0.046096969,,IF2-H-salinum,0.953772673,1.370222675,1.047021994,0.506563193
IF2.G.aggregans.1.1,1.309234137,0.006918978,0.517206176,10.12677545,1.340175762,18.58792729,18.39166667,0.047228731,,IF2-G-aggregans,0.978071511,1.370222675,1.021010177,0.506563193
IF2.G.aggregans.1.2,1.348249669,0.007688587,0.497988259,10.36391191,1.391894623,18.8213614,18.5905,0.051984943,,IF2-G-aggregans,1.01581637,1.370222675,0.983072331,0.506563193
IF2.G.aggregans.2.1,1.327586654,0.00790555,0.494512238,10.34874352,1.401678516,18.55238292,18.32833333,0.050400017,,IF2-G-aggregans,1.022956737,1.370222675,0.976210362,0.506563193
IF2.G.aggregans.2.2,1.401111538,0.008688733,0.482190336,10.52856733,1.437497041,19.32767474,19.088,0.053390775,,IF2-G-aggregans,1.049097397,1.370222675,0.95188585,0.506563193
IF2.G.aggregans.3.1,1.336815534,0.004278753,0.521061336,11.01823876,1.330260244,17.79408846,17.5865,0.047437603,,IF2-G-aggregans,0.970835083,1.370222675,1.028620601,0.506563193
IF2.T.modestius.1.1,1.331675558,0.002872025,0.549754792,11.16318944,1.26082972,17.53486521,17.34266667,0.044590235,,IF2-T-modestius,0.920164104,1.370222675,1.085263989,0.506563193
IF2.T.modestius.1.2,1.327562254,0.005302384,0.531865385,10.37657485,1.303238,18.51996679,18.3225,0.045804809,,IF2-T-modestius,0.951114023,1.370222675,1.049948737,0.506563193
IF2.T.modestius.2.1,1.339427812,0.00374797,0.540522224,10.87093378,1.282365737,18.02668151,17.82466667,0.047665777,,IF2-T-modestius,0.93588127,1.370222675,1.067038094,0.506563193
IF2.T.modestius.2.2,1.375400222,0.003973421,0.532212599,10.98053564,1.302387772,18.36008183,18.14633333,0.04914315,,IF2-T-modestius,0.950493519,1.370222675,1.050634167,0.506563193
IF2.T.modestius.3.1,1.27959273,0.003451757,0.556556732,10.62373725,1.24542053,17.53760525,17.36333333,0.040813052,,IF2-T-modestius,0.908918348,1.370222675,1.098691614,0.506563193
IF2.P.aerophilum.1.1,1.486680135,0.002086832,0.514074526,12.77489648,1.348339872,17.18722354,16.93183333,0.056005896,,IF2-P-aerophilum,0.984029747,1.370222675,1.014828027,0.506563193
IF2.P.aerophilum.1.2,1.474183757,0.002133078,0.505279293,12.93709436,1.371809987,16.80512059,16.551,0.056261439,,IF2-P-aerophilum,1.001158434,1.370222675,0.997465469,0.506563193
IF2.P.aerophilum.2.1,1.347808332,0.00025527,0.58364881,14.6860241,1.18761003,13.01055325,12.84166667,0.043715463,,IF2-P-aerophilum,0.86672776,1.370222675,1.152173742,0.506563193
IF2.P.aerophilum.2.2,1.311945029,0.000205136,0.601527035,14.56824555,1.152312598,12.81704112,12.65916667,0.041181629,,IF2-P-aerophilum,0.840967398,1.370222675,1.187466921,0.506563193
IF2.P.aerophilum.3.1,1.316103439,0.001046756,0.568241063,12.55794397,1.219811847,15.49866176,15.32333333,0.042292721,,IF2-P-aerophilum,0.890228916,1.370222675,1.121757504,0.506563193
IF2.S.osmophilus.1.1,1.361860782,0.00388066,0.58291202,10.04911242,1.189111147,19.44701878,19.2635,0.044283385,,IF2-S-osmophilus,0.867823288,1.370222675,1.150719254,0.506563193
IF2.S.osmophilus.1.2,1.481767252,0.005991839,0.533151108,10.32829219,1.300095172,20.7425386,20.4905,0.057627871,,IF2-S-osmophilus,0.94882036,1.370222675,1.052486866,0.506563193
IF2.S.osmophilus.2.1,1.351159431,0.002611365,0.584239929,10.69237192,1.186408436,18.42743928,18.23233333,0.046465968,,IF2-S-osmophilus,0.865850827,1.370222675,1.153340663,0.506563193
IF2.S.osmophilus.2.2,1.372626195,0.002921776,0.564209115,10.90049517,1.228528859,18.4343246,18.23633333,0.048298558,,IF2-S-osmophilus,0.896590665,1.370222675,1.113798086,0.506563193
IF2.S.osmophilus.3.1,1.27274891,0.001739416,0.606132168,10.87884428,1.14355782,17.12191767,16.96533333,0.038490945,,IF2-S-osmophilus,0.834578088,1.370222675,1.196557855,0.506563193