EcoliMG1655_noIPTG_37_1,EcoliMG1655_noIPTG_37_2,EcoliMG1655_noIPTG_37_3,EcoliMG1655_noIPTG_37_4,EcoliMG1655_noIPTG_37_5,SL598R_noIPTG_37_1,SL598R_noIPTG_37_2,SL598R_noIPTG_37_3,SL598R_noIPTG_37_4,SL598R_noIPTG_37_5,WTIF2_30m_noIPTG_37_1,WTIF2_30m_noIPTG_37_2,WTIF2_30m_noIPTG_37_3,WTIF2_30m_noIPTG_37_4,WTIF2_30m_noIPTG_37_5,time
0.141,0.126,0.18,0.124,0.132,0.159,0.124,0.134,0.138,0.138,0.152,0.12,0.155,0.169,0.147,0
0.137,0.138,0.163,0.126,0.124,0.144,0.117,0.129,0.126,0.138,0.142,0.116,0.142,0.18,0.141,15
0.144,0.128,0.178,0.135,0.135,0.164,0.126,0.138,0.155,0.139,0.165,0.122,0.146,0.185,0.151,30
0.144,0.129,0.179,0.136,0.135,0.155,0.125,0.137,0.158,0.14,0.162,0.122,0.144,0.182,0.15,45
0.14,0.141,0.168,0.131,0.129,0.143,0.121,0.132,0.132,0.138,0.14,0.118,0.137,0.179,0.141,60
0.153,0.135,0.185,0.14,0.142,0.159,0.132,0.144,0.161,0.145,0.16,0.123,0.145,0.183,0.15,75
0.162,0.142,0.191,0.146,0.148,0.178,0.138,0.151,0.169,0.152,0.161,0.123,0.145,0.182,0.151,90
0.17,0.152,0.2,0.154,0.15,0.18,0.149,0.162,0.177,0.16,0.16,0.125,0.147,0.183,0.152,105
0.18,0.162,0.207,0.167,0.161,0.198,0.162,0.178,0.192,0.174,0.161,0.126,0.148,0.183,0.152,120
0.195,0.177,0.222,0.18,0.178,0.212,0.181,0.198,0.208,0.21,0.159,0.129,0.149,0.183,0.155,135
0.213,0.196,0.239,0.2,0.213,0.238,0.207,0.228,0.236,0.216,0.162,0.128,0.15,0.184,0.155,150
0.246,0.232,0.267,0.227,0.222,0.261,0.24,0.262,0.268,0.246,0.166,0.135,0.153,0.188,0.157,165
0.303,0.277,0.312,0.271,0.26,0.302,0.265,0.285,0.288,0.271,0.166,0.174,0.155,0.188,0.16,180
0.393,0.332,0.38,0.336,0.34,0.344,0.3,0.316,0.323,0.322,0.172,0.178,0.158,0.19,0.163,195
0.409,0.389,0.394,0.368,0.366,0.377,0.335,0.35,0.357,0.332,0.18,0.142,0.161,0.195,0.167,210
0.454,0.437,0.424,0.392,0.373,0.437,0.387,0.394,0.404,0.379,0.187,0.141,0.166,0.197,0.171,225
0.504,0.499,0.482,0.457,0.423,0.499,0.441,0.45,0.469,0.427,0.196,0.144,0.172,0.2,0.175,240
0.531,0.525,0.495,0.478,0.444,0.543,0.495,0.497,0.486,0.486,0.181,0.148,0.172,0.199,0.174,255
0.588,0.563,0.567,0.536,0.493,0.64,0.555,0.556,0.568,0.533,0.208,0.159,0.191,0.21,0.192,270
0.609,0.603,0.607,0.587,0.566,0.68,0.635,0.622,0.645,0.597,0.223,0.167,0.202,0.22,0.203,285
0.65,0.621,0.6,0.608,0.594,0.716,0.64,0.626,0.659,0.62,0.24,0.177,0.213,0.232,0.212,300
0.681,0.653,0.632,0.617,0.598,0.734,0.668,0.639,0.67,0.619,0.26,0.197,0.228,0.242,0.231,315
0.701,0.674,0.647,0.636,0.615,0.765,0.684,0.645,0.67,0.625,0.283,0.209,0.25,0.26,0.248,330
0.705,0.695,0.667,0.662,0.639,0.776,0.703,0.688,0.723,0.677,0.323,0.241,0.287,0.285,0.276,345
0.71,0.71,0.689,0.673,0.647,0.779,0.726,0.718,0.748,0.714,0.35,0.262,0.309,0.313,0.309,360
0.737,0.718,0.686,0.68,0.655,0.796,0.745,0.722,0.741,0.731,0.362,0.299,0.338,0.329,0.325,375
0.753,0.746,0.728,0.703,0.681,0.841,0.781,0.755,0.797,0.771,0.431,0.348,0.399,0.388,0.376,390
0.753,0.754,0.744,0.715,0.679,0.84,0.798,0.769,0.813,0.794,0.481,0.403,0.442,0.44,0.421,405
0.765,0.763,0.748,0.722,0.675,0.838,0.816,0.783,0.801,0.816,0.526,0.468,0.489,0.492,0.461,420
0.782,0.807,0.795,0.757,0.708,0.861,0.844,0.807,0.849,0.837,0.602,0.529,0.545,0.564,0.519,435
0.791,0.791,0.784,0.741,0.697,0.881,0.855,0.813,0.848,0.851,0.645,0.594,0.597,0.615,0.567,450
0.777,0.79,0.788,0.762,0.71,0.859,0.844,0.813,0.834,0.861,0.703,0.673,0.664,0.678,0.624,465
0.761,0.781,0.804,0.771,0.737,0.859,0.853,0.829,0.871,0.875,0.759,0.734,0.714,0.736,0.687,480
0.777,0.793,0.789,0.76,0.74,0.82,0.845,0.83,0.866,0.879,0.769,0.75,0.725,0.746,0.706,495
0.793,0.797,0.815,0.784,0.757,0.849,0.848,0.839,0.872,0.899,0.779,0.78,0.744,0.757,0.735,510
0.796,0.796,0.813,0.785,0.769,0.86,0.855,0.841,0.876,0.908,0.798,0.817,0.747,0.756,0.752,525
0.792,0.786,0.826,0.793,0.778,0.878,0.867,0.842,0.874,0.908,0.81,0.842,0.778,0.787,0.78,540
0.815,0.806,0.842,0.799,0.8,0.857,0.877,0.848,0.887,0.924,0.843,0.878,0.793,0.791,0.782,555
0.789,0.782,0.815,0.766,0.76,0.89,0.856,0.838,0.866,0.916,0.877,0.878,0.821,0.796,0.795,570
0.789,0.797,0.831,0.797,0.766,0.859,0.847,0.832,0.868,0.921,0.847,0.875,0.805,0.82,0.8,585
0.795,0.808,0.822,0.769,0.743,0.872,0.856,0.835,0.848,0.922,0.862,0.894,0.825,0.814,0.81,600
0.824,0.814,0.864,0.816,0.785,0.857,0.862,0.838,0.88,0.933,0.886,0.915,0.812,0.827,0.809,615
0.815,0.807,0.835,0.814,0.77,0.892,0.864,0.836,0.871,0.935,0.884,0.904,0.821,0.83,0.81,630
0.812,0.83,0.847,0.791,0.766,0.879,0.852,0.839,0.874,0.925,0.893,0.924,0.839,0.824,0.824,645
0.798,0.816,0.845,0.795,0.761,0.881,0.855,0.829,0.866,0.939,0.898,0.901,0.829,0.836,0.82,660
0.768,0.781,0.828,0.786,0.756,0.863,0.85,0.829,0.858,0.94,0.876,0.899,0.836,0.831,0.815,675
0.773,0.785,0.824,0.782,0.748,0.865,0.857,0.831,0.87,0.955,0.886,0.908,0.851,0.841,0.83,690
0.765,0.788,0.811,0.797,0.744,0.88,0.854,0.824,0.863,0.936,0.883,0.903,0.836,0.835,0.819,705
0.8,0.807,0.84,0.812,0.771,0.834,0.85,0.827,0.857,0.942,0.883,0.915,0.832,0.832,0.82,720
0.802,0.82,0.837,0.799,0.76,0.836,0.849,0.824,0.864,0.946,0.902,0.911,0.821,0.825,0.821,735
0.793,0.796,0.818,0.793,0.741,0.852,0.848,0.819,0.864,0.949,0.905,0.907,0.834,0.833,0.818,750
0.753,0.753,0.794,0.75,0.734,0.859,0.849,0.826,0.858,0.953,0.898,0.905,0.83,0.833,0.813,765
0.764,0.771,0.8,0.765,0.73,0.869,0.847,0.821,0.86,0.955,0.891,0.9,0.84,0.834,0.827,780
0.787,0.784,0.796,0.764,0.721,0.856,0.85,0.821,0.851,0.963,0.897,0.908,0.86,0.84,0.842,795
0.799,0.78,0.771,0.766,0.731,0.875,0.842,0.807,0.842,0.947,0.885,0.903,0.83,0.824,0.816,810
0.776,0.771,0.792,0.74,0.723,0.839,0.85,0.819,0.849,0.961,0.896,0.933,0.848,0.827,0.836,825
0.801,0.791,0.792,0.756,0.727,0.862,0.842,0.815,0.848,0.962,0.902,0.92,0.874,0.832,0.828,840
0.743,0.736,0.772,0.717,0.717,0.843,0.848,0.819,0.854,0.963,0.902,0.914,0.854,0.827,0.847,855
0.752,0.763,0.753,0.71,0.713,0.837,0.846,0.816,0.843,0.976,0.932,0.906,0.864,0.826,0.848,870
0.745,0.746,0.776,0.721,0.713,0.851,0.851,0.818,0.859,0.98,0.913,0.913,0.867,0.832,0.843,885
0.783,0.782,0.781,0.743,0.725,0.848,0.86,0.813,0.849,0.966,0.92,0.925,0.833,0.819,0.827,900
0.801,0.789,0.788,0.755,0.735,0.839,0.862,0.827,0.864,0.992,0.945,0.914,0.862,0.84,0.849,915
0.756,0.734,0.77,0.73,0.715,0.838,0.853,0.818,0.856,0.98,0.933,0.937,0.85,0.83,0.843,930
0.789,0.76,0.777,0.74,0.731,0.833,0.856,0.817,0.849,0.984,0.904,0.921,0.859,0.82,0.836,945
0.769,0.755,0.757,0.723,0.728,0.841,0.861,0.835,0.863,1.006,0.944,0.931,0.867,0.843,0.84,960
0.794,0.78,0.768,0.727,0.724,0.826,0.858,0.834,0.846,0.998,0.954,0.942,0.877,0.822,0.842,975
0.772,0.745,0.762,0.721,0.718,0.83,0.875,0.824,0.846,1.019,0.973,0.93,0.854,0.849,0.849,990
0.763,0.739,0.769,0.725,0.719,0.846,0.877,0.824,0.854,1.01,0.946,0.939,0.85,0.85,0.844,1005
0.773,0.753,0.779,0.723,0.721,0.823,0.855,0.832,0.873,1.019,0.955,0.933,0.865,0.852,0.845,1020
0.779,0.771,0.775,0.731,0.714,0.82,0.87,0.826,0.857,1.012,0.937,0.919,0.874,0.839,0.845,1035
0.786,0.765,0.77,0.734,0.719,0.796,0.848,0.823,0.834,1.011,0.953,0.936,0.887,0.837,0.867,1050
0.802,0.779,0.78,0.738,0.724,0.83,0.865,0.817,0.848,1.016,0.956,0.93,0.871,0.833,0.856,1065
0.777,0.757,0.778,0.73,0.721,0.853,0.862,0.809,0.853,1.015,0.924,0.938,0.86,0.823,0.856,1080
0.795,0.775,0.78,0.74,0.734,0.827,0.871,0.828,0.863,1.019,0.944,0.905,0.887,0.832,0.87,1095
0.807,0.791,0.786,0.746,0.723,0.843,0.864,0.808,0.835,1.012,0.952,0.917,0.871,0.831,0.877,1110
0.805,0.774,0.788,0.757,0.735,0.819,0.865,0.799,0.845,1.009,0.937,0.932,0.896,0.849,0.876,1125
0.811,0.782,0.787,0.75,0.717,0.825,0.853,0.826,0.86,1.022,0.945,0.945,0.892,0.844,0.866,1140
0.812,0.785,0.796,0.77,0.733,0.826,0.847,0.787,0.836,1.004,0.937,0.951,0.875,0.852,0.86,1155
0.821,0.791,0.798,0.765,0.74,0.786,0.864,0.784,0.827,1,0.96,0.94,0.875,0.858,0.858,1170
0.803,0.79,0.797,0.765,0.735,0.854,0.844,0.835,0.85,1.031,0.923,0.922,0.884,0.841,0.844,1185
0.831,0.793,0.806,0.781,0.751,0.813,0.867,0.782,0.835,1.011,0.947,0.943,0.879,0.863,0.87,1200
0.802,0.789,0.791,0.75,0.739,0.874,0.843,0.784,0.823,1.018,0.945,0.914,0.885,0.859,0.865,1215
0.809,0.789,0.79,0.761,0.735,0.841,0.844,0.793,0.834,1.014,0.932,0.934,0.893,0.836,0.861,1230
0.817,0.798,0.803,0.771,0.75,0.853,0.819,0.769,0.797,0.997,0.927,0.934,0.878,0.865,0.873,1245
0.823,0.807,0.802,0.779,0.747,0.841,0.807,0.752,0.786,0.977,0.943,0.914,0.904,0.867,0.856,1260
0.821,0.799,0.802,0.772,0.744,0.85,0.826,0.752,0.78,0.973,0.95,0.925,0.889,0.852,0.829,1275
0.807,0.8,0.807,0.769,0.742,0.858,0.826,0.812,0.84,0.998,0.887,0.913,0.866,0.829,0.849,1290
0.805,0.785,0.796,0.758,0.737,0.827,0.819,0.809,0.836,1.017,0.897,0.909,0.907,0.847,0.857,1305
0.801,0.788,0.796,0.757,0.751,0.833,0.82,0.778,0.826,0.994,0.918,0.919,0.897,0.842,0.876,1320
0.816,0.81,0.82,0.777,0.753,0.786,0.805,0.778,0.809,0.997,0.937,0.914,0.862,0.848,0.849,1335
0.79,0.784,0.801,0.76,0.734,0.84,0.824,0.807,0.843,1.029,0.915,0.901,0.91,0.855,0.886,1350
0.803,0.787,0.804,0.755,0.739,0.786,0.811,0.777,0.814,1.02,0.91,0.898,0.9,0.832,0.853,1365
0.79,0.791,0.804,0.769,0.741,0.759,0.76,0.749,0.77,0.996,0.91,0.888,0.901,0.863,0.866,1380
0.799,0.791,0.813,0.758,0.737,0.822,0.818,0.766,0.81,1.027,0.898,0.918,0.882,0.843,0.85,1395
0.799,0.793,0.811,0.766,0.739,0.787,0.811,0.778,0.818,1.026,0.886,0.915,0.904,0.822,0.852,1410
0.786,0.783,0.809,0.758,0.736,0.843,0.803,0.794,0.807,1.03,0.862,0.879,0.875,0.807,0.847,1425
0.792,0.784,0.805,0.748,0.733,0.816,0.779,0.795,0.801,1.056,0.898,0.892,0.889,0.838,0.857,1440
